use wegia;

INSERT INTO `almoxarifado` (`id_almoxarifado`, `descricao_almoxarifado`) VALUES
(2, 'COZINHA');



INSERT INTO `cargo` (`id_cargo`, `cargo`) VALUES
(2, 'Coordenação'),
(3, 'Gerente');

--
-- Extraindo dados da tabela `categoria_produto`
--

INSERT INTO `categoria_produto` (`id_categoria_produto`, `descricao_categoria`) VALUES
(2, 'Alimentos');


INSERT INTO `destino` (`id_destino`, `nome_destino`, `cnpj`, `cpf`, `telefone`) VALUES
(2, 'Cozinha', '00.000.000/0001-04', '', '(22)25225-999'),
(3, 'Mercado', '00.000.000/0001-65', '', '(22)99999-9999');

--
-- Extraindo dados da tabela `entrada`
--

INSERT INTO `entrada` (`id_entrada`, `id_origem`, `id_almoxarifado`, `id_tipo`, `id_responsavel`, `data`, `hora`, `valor_total`) VALUES
(1, 2, 2, 2, 9, '2020-06-08', '11:10:00', '4.39'),
(2, 2, 2, 2, 9, '2020-06-08', '11:12:00', '57.75'),
(3, 2, 2, 2, 9, '2020-06-08', '11:14:00', '17.56'),
(4, 2, 2, 2, 9, '2020-06-08', '11:14:00', '17.56'),
(5, 2, 2, 2, 9, '2020-06-08', '11:17:00', '65.85'),
(6, 2, 2, 2, 9, '2020-06-08', '11:19:00', '4.29'),
(7, 2, 2, 2, 9, '2020-06-08', '11:22:00', '95.76'),
(8, 2, 2, 2, 9, '2020-06-08', '11:24:00', '60.64'),
(9, 2, 2, 2, 9, '2020-06-08', '11:25:00', '47.88'),
(10, 2, 2, 2, 9, '2020-06-08', '11:26:00', '7.78'),
(11, 2, 2, 2, 9, '2020-06-08', '11:32:00', '20.79'),
(12, 2, 2, 2, 9, '2020-06-08', '11:34:00', '53.90'),
(13, 2, 2, 2, 9, '2020-06-08', '11:37:00', '136.44'),
(14, 2, 2, 2, 9, '2020-06-08', '11:38:00', '11.97'),
(15, 2, 2, 2, 9, '2020-06-08', '11:39:00', '8.78'),
(16, 2, 2, 2, 9, '2020-06-08', '11:39:00', '3.89'),
(17, 2, 2, 2, 9, '2020-06-08', '11:43:00', '85.80'),
(18, 2, 2, 2, 9, '2020-06-08', '11:44:00', '263.40'),
(19, 2, 2, 2, 9, '2020-06-08', '11:45:00', '38.88'),
(20, 2, 2, 2, 9, '2020-06-08', '11:46:00', '17.96'),
(21, 2, 2, 2, 9, '2020-06-08', '11:46:00', '100.59'),
(22, 2, 2, 2, 9, '2020-06-08', '11:47:00', '36.57'),
(23, 2, 2, 2, 9, '2020-06-08', '11:48:00', '24.08'),
(24, 2, 2, 2, 9, '2020-06-08', '11:48:00', '12.15'),
(25, 2, 2, 2, 9, '2020-06-08', '11:49:00', '16.76'),
(26, 2, 2, 2, 9, '2020-06-08', '11:51:00', '4.19'),
(27, 2, 2, 2, 9, '2020-06-08', '11:52:00', '4.69'),
(28, 2, 2, 2, 9, '2020-06-08', '11:59:00', '4.49'),
(29, 2, 2, 2, 9, '2020-06-08', '11:59:00', '9.99'),
(30, 2, 2, 2, 9, '2020-06-08', '12:04:00', '69.72'),
(31, 2, 2, 2, 9, '2020-06-08', '12:06:00', '36.12'),
(32, 2, 2, 2, 9, '2020-06-08', '12:07:00', '29.00'),
(33, 2, 2, 2, 9, '2020-06-08', '12:10:00', '25.30'),
(34, 2, 2, 2, 9, '2020-06-08', '12:13:00', '8.40'),
(35, 2, 2, 2, 9, '2020-06-08', '12:14:00', '6.00'),
(36, 2, 2, 2, 9, '2020-06-08', '12:16:00', '2.49'),
(37, 2, 2, 2, 9, '2020-06-08', '12:19:00', '2.49'),
(38, 2, 2, 2, 9, '2020-06-08', '12:21:00', '11.34'),
(39, 2, 2, 2, 9, '2020-06-08', '12:39:00', '1.87'),
(40, 2, 2, 2, 9, '2020-06-08', '12:40:00', '1.87'),
(41, 2, 2, 2, 9, '2020-06-08', '12:41:00', '3.38'),
(42, 2, 2, 2, 9, '2020-06-08', '12:42:00', '4.38'),
(43, 2, 2, 2, 9, '2020-06-08', '13:02:00', '0.99'),
(44, 2, 2, 2, 9, '2020-06-08', '13:03:00', '1.85'),
(45, 2, 2, 2, 9, '2020-06-08', '13:04:00', '8.40'),
(46, 2, 2, 2, 9, '2020-06-08', '14:23:00', '3.79'),
(47, 2, 2, 2, 9, '2020-06-08', '14:24:00', '3.79'),
(48, 2, 2, 2, 9, '2020-06-08', '14:36:00', '76.64'),
(49, 2, 2, 2, 9, '2020-06-08', '14:37:00', '6.70'),
(50, 2, 2, 2, 9, '2020-06-08', '14:41:00', '195.50'),
(51, 2, 2, 2, 9, '2020-06-08', '14:44:00', '6.58'),
(52, 2, 2, 2, 9, '2020-06-08', '14:45:00', '4.25'),
(53, 2, 2, 2, 9, '2020-06-08', '14:46:00', '7.99'),
(54, 2, 2, 2, 9, '2020-06-08', '14:46:00', '3.79'),
(55, 2, 2, 2, 9, '2020-06-08', '14:47:00', '3.79'),
(56, 2, 2, 2, 9, '2020-06-08', '14:47:00', '1.99'),
(57, 2, 2, 2, 9, '2020-06-08', '14:48:00', '1.45'),
(58, 2, 2, 2, 9, '2020-06-08', '14:48:00', '2.76'),
(59, 2, 2, 2, 9, '2020-06-08', '14:50:00', '89.82'),
(60, 2, 2, 2, 9, '2020-06-08', '14:52:00', '9.98'),
(61, 2, 2, 2, 9, '2020-06-08', '15:07:00', '9.90'),
(62, 2, 2, 2, 9, '2020-06-08', '15:08:00', '10.38'),
(63, 2, 2, 2, 9, '2020-06-08', '15:09:00', '9.78'),
(64, 2, 2, 2, 9, '2020-06-08', '15:10:00', '34.50'),
(65, 2, 2, 2, 9, '2020-06-08', '15:12:00', '3.30'),
(66, 2, 2, 2, 9, '2020-06-08', '15:14:00', '25.13'),
(67, 2, 2, 2, 9, '2020-06-08', '15:15:00', '2.99'),
(68, 2, 2, 2, 9, '2020-06-08', '16:11:00', '19.12'),
(69, 2, 2, 2, 9, '2020-06-08', '16:13:00', '22.24'),
(70, 2, 2, 2, 9, '2020-06-08', '16:15:00', '17.85'),
(71, 2, 2, 2, 9, '2020-06-08', '16:18:00', '26.40'),
(72, 2, 2, 2, 9, '2020-06-08', '16:19:00', '27.12'),
(73, 2, 2, 2, 9, '2020-06-08', '16:20:00', '123.00'),
(74, 2, 2, 2, 9, '2020-06-08', '16:21:00', '20.34'),
(75, 2, 2, 2, 9, '2020-06-11', '12:17:00', '441.00'),
(76, 2, 2, 2, 9, '2020-06-11', '12:27:00', '269.88'),
(77, 2, 2, 2, 9, '2020-06-11', '12:28:00', '552.21'),
(78, 2, 2, 2, 9, '2020-06-11', '12:29:00', '27.56'),
(79, 2, 2, 2, 9, '2020-06-11', '12:30:00', '102.24'),
(80, 2, 2, 2, 9, '2020-06-11', '12:31:00', '476.47'),
(81, 2, 2, 2, 9, '2020-06-11', '12:32:00', '55.93'),
(82, 2, 2, 2, 9, '2020-06-11', '12:33:00', '12.98'),
(83, 2, 2, 2, 9, '2020-06-11', '12:43:00', '206.77'),
(84, 2, 2, 2, 9, '2020-06-11', '12:44:00', '13.90'),
(85, 2, 2, 2, 9, '2020-06-11', '12:50:00', '13.12'),
(86, 2, 2, 2, 9, '2020-06-11', '12:51:00', '14.38'),
(87, 2, 2, 2, 9, '2020-06-11', '12:52:00', '163.02'),
(88, 2, 2, 2, 9, '2020-06-11', '12:55:00', '125.82'),
(89, 2, 2, 2, 9, '2020-06-11', '13:01:00', '26.91'),
(90, 2, 2, 2, 9, '2020-06-11', '13:29:00', '103.55'),
(91, 2, 2, 2, 9, '2020-06-11', '13:31:00', '52.85'),
(92, 2, 2, 2, 9, '2020-06-11', '13:32:00', '34.95'),
(93, 2, 2, 2, 9, '2020-06-11', '13:37:00', '52.72'),
(94, 2, 2, 2, 9, '2020-06-11', '13:38:00', '13.90'),
(95, 2, 2, 2, 9, '2020-06-11', '13:42:00', '567.00'),
(96, 2, 2, 2, 9, '2020-06-11', '13:46:00', '416.92'),
(97, 2, 2, 2, 9, '2020-06-11', '14:02:00', '449.70'),
(98, 2, 2, 2, 9, '2020-06-11', '14:03:00', '29.98'),
(99, 2, 2, 2, 9, '2020-06-11', '14:07:00', '14.70'),
(100, 2, 2, 2, 9, '2020-06-11', '14:19:00', '89.94'),
(101, 2, 2, 2, 9, '2020-06-11', '14:22:00', '20.99'),
(102, 2, 2, 2, 9, '2020-06-11', '14:26:00', '16.98'),
(103, 2, 2, 2, 9, '2020-06-11', '14:34:00', '14.99'),
(104, 2, 2, 2, 9, '2020-06-11', '14:38:00', '13.99'),
(105, 2, 2, 2, 9, '2020-06-11', '14:39:00', '31.90'),
(106, 2, 2, 2, 9, '2020-06-11', '14:40:00', '8.99'),
(107, 2, 2, 2, 9, '2020-06-11', '14:41:00', '5.79'),
(108, 2, 2, 2, 9, '2020-06-11', '14:50:00', '9.95'),
(109, 2, 2, 2, 9, '2020-06-11', '14:58:00', '65.01'),
(110, 2, 2, 2, 9, '2020-06-11', '15:00:00', '56.05'),
(111, 2, 2, 2, 9, '2020-06-11', '15:01:00', '51.00'),
(112, 2, 2, 2, 9, '2020-06-11', '15:07:00', '592.20'),
(113, 2, 2, 2, 9, '2020-06-11', '15:09:00', '2882.04'),
(114, 2, 2, 2, 9, '2020-06-11', '15:10:00', '157.92'),
(115, 2, 2, 2, 9, '2020-06-11', '15:10:00', '143.52'),
(116, 2, 2, 2, 9, '2020-06-11', '15:17:00', '102.96'),
(117, 2, 2, 2, 9, '2020-06-11', '15:18:00', '10.76'),
(118, 2, 2, 2, 9, '2020-06-11', '15:20:00', '32.25'),
(119, 2, 2, 2, 9, '2020-06-11', '15:22:00', '527.88'),
(120, 2, 2, 2, 9, '2020-06-11', '15:34:00', '4.99'),
(121, 2, 2, 2, 9, '2020-06-11', '15:41:00', '49.90'),
(122, 2, 2, 2, 9, '2020-06-11', '15:44:00', '231.40'),
(123, 2, 2, 2, 9, '2020-06-11', '15:53:00', '83.70'),
(124, 2, 2, 2, 9, '2020-06-11', '15:59:00', '138.00'),
(125, 2, 2, 2, 9, '2020-06-11', '16:03:00', '3.45'),
(126, 2, 2, 2, 9, '2020-06-11', '16:04:00', '49.27'),
(127, 2, 2, 2, 9, '2020-06-11', '16:06:00', '45.80'),
(128, 2, 2, 2, 9, '2020-06-11', '16:07:00', '17.90'),
(129, 2, 2, 2, 9, '2020-06-11', '16:11:00', '6.45'),
(130, 2, 2, 2, 9, '2020-06-11', '16:15:00', '3.49'),
(131, 2, 2, 2, 9, '2020-06-11', '16:20:00', '1.99'),
(132, 2, 2, 2, 9, '2020-06-11', '16:27:00', '16.25'),
(133, 2, 2, 2, 9, '2020-06-11', '16:29:00', '237.25'),
(134, 2, 2, 2, 9, '2020-06-11', '16:31:00', '503.72'),
(135, 2, 2, 2, 9, '2020-06-11', '16:31:00', '25.58'),
(136, 2, 2, 2, 9, '2020-06-11', '16:34:00', '27.90'),
(137, 2, 2, 2, 9, '2020-06-11', '16:41:00', '83.80'),
(138, 2, 2, 2, 9, '2020-06-11', '16:45:00', '47.43'),
(139, 2, 2, 2, 9, '2020-06-11', '16:56:00', '95.41'),
(140, 2, 2, 2, 9, '2020-06-11', '16:56:00', '21.90'),
(141, 2, 2, 2, 9, '2020-06-11', '16:58:00', '56.68'),
(142, 2, 2, 2, 9, '2020-06-11', '17:00:00', '47.43'),
(143, 2, 2, 2, 9, '2020-06-11', '17:06:00', '98.40'),
(144, 2, 2, 2, 9, '2020-06-11', '17:32:00', '76.50'),
(145, 2, 2, 2, 9, '2020-06-11', '17:33:00', '46.00'),
(146, 2, 2, 2, 9, '2020-06-11', '17:40:00', '102.50'),
(147, 2, 2, 2, 9, '2020-06-11', '17:41:00', '10.50'),
(148, 2, 2, 2, 9, '2020-06-11', '17:43:00', '44.66'),
(149, 2, 2, 2, 9, '2020-06-11', '17:47:00', '26.80'),
(150, 2, 2, 2, 9, '2020-06-11', '17:49:00', '8.99'),
(151, 2, 2, 2, 9, '2020-06-11', '17:50:00', '26.53'),
(152, 2, 2, 2, 9, '2020-06-11', '17:52:00', '14.50'),
(153, 2, 2, 2, 9, '2020-06-12', '06:55:00', '69.00'),
(154, 2, 2, 2, 9, '2020-06-12', '07:05:00', '30.11'),
(155, 2, 2, 2, 9, '2020-06-12', '07:26:00', '3.99'),
(156, 2, 2, 2, 9, '2020-06-12', '07:29:00', '4.69'),
(157, 2, 2, 2, 9, '2020-06-12', '07:31:00', '4.90'),
(158, 2, 2, 2, 9, '2020-06-12', '07:32:00', '154.00'),
(159, 2, 2, 2, 9, '2020-06-12', '07:37:00', '249.75'),
(160, 2, 2, 2, 9, '2020-06-12', '07:49:00', '39.92'),
(161, 2, 2, 2, 9, '2020-06-12', '07:51:00', '39.16'),
(162, 2, 2, 2, 9, '2020-06-12', '07:51:00', '10.50'),
(163, 2, 2, 2, 9, '2020-06-12', '07:52:00', '16.96'),
(164, 2, 2, 2, 9, '2020-06-12', '07:59:00', '56.25'),
(165, 2, 2, 2, 9, '2020-06-12', '08:04:00', '30.57'),
(166, 2, 2, 2, 9, '2020-06-12', '08:05:00', '28.17'),
(167, 2, 2, 2, 9, '2020-06-12', '08:08:00', '130.35'),
(168, 2, 2, 2, 9, '2020-06-12', '08:09:00', '71.70'),
(169, 2, 2, 2, 9, '2020-06-12', '08:16:00', '19.58'),
(170, 2, 2, 2, 9, '2020-06-12', '08:17:00', '26.37'),
(171, 2, 2, 2, 9, '2020-06-12', '08:18:00', '31.16'),
(172, 2, 2, 2, 9, '2020-06-12', '08:24:00', '4.98'),
(173, 2, 2, 2, 9, '2020-06-12', '08:49:00', '90.74'),
(174, 2, 2, 2, 9, '2020-06-12', '08:51:00', '83.76'),
(175, 2, 2, 2, 9, '2020-06-12', '08:54:00', '349.50'),
(176, 2, 2, 2, 9, '2020-06-12', '08:58:00', '62.91'),
(177, 2, 2, 2, 9, '2020-06-12', '09:03:00', '19.98'),
(178, 2, 2, 2, 9, '2020-06-12', '09:16:00', '566.19'),
(179, 2, 2, 2, 9, '2020-06-12', '09:24:00', '27.93'),
(180, 2, 2, 2, 9, '2020-06-12', '09:27:00', '82.35'),
(181, 2, 2, 2, 9, '2020-06-12', '09:32:00', '183.77'),
(182, 2, 2, 2, 9, '2020-06-12', '09:38:00', '67.83'),
(183, 2, 2, 2, 9, '2020-06-12', '09:45:00', '35.80'),
(184, 2, 2, 2, 9, '2020-06-12', '09:49:00', '474.35'),
(185, 2, 2, 2, 9, '2020-06-12', '10:04:00', '77.00'),
(186, 2, 2, 2, 9, '2020-06-12', '10:05:00', '14.90'),
(187, 2, 2, 2, 9, '2020-06-12', '10:06:00', '18.98'),
(188, 2, 2, 2, 9, '2020-06-12', '10:10:00', '26.94'),
(189, 2, 2, 2, 9, '2020-06-12', '10:12:00', '20.97'),
(190, 2, 2, 2, 9, '2020-06-12', '10:24:00', '18.98'),
(191, 2, 2, 2, 9, '2020-06-12', '10:29:00', '534.00'),
(192, 2, 2, 2, 9, '2020-06-12', '10:56:00', '203.76'),
(193, 2, 2, 2, 9, '2020-06-12', '11:03:00', '7.98'),
(194, 2, 2, 2, 9, '2020-06-12', '11:04:00', '8.99'),
(195, 2, 2, 2, 9, '2020-06-12', '11:05:00', '15.99'),
(196, 2, 2, 2, 9, '2020-06-12', '11:11:00', '14.99'),
(197, 2, 2, 2, 9, '2020-06-12', '11:15:00', '871.38'),
(198, 2, 2, 2, 9, '2020-06-12', '11:29:00', '88.45'),
(199, 2, 2, 2, 9, '2020-06-12', '11:32:00', '54.64'),
(200, 2, 2, 2, 9, '2020-06-12', '11:35:00', '6.21'),
(201, 2, 2, 2, 9, '2020-06-12', '11:38:00', '34.78'),
(202, 2, 2, 2, 9, '2020-06-12', '11:40:00', '27.78'),
(203, 2, 2, 2, 9, '2020-06-12', '11:51:00', '25.57'),
(204, 2, 2, 2, 9, '2020-06-12', '11:52:00', '120.47'),
(205, 2, 2, 2, 9, '2020-06-12', '12:01:00', '226.98'),
(206, 2, 2, 2, 9, '2020-06-12', '12:13:00', '27.85'),
(207, 2, 2, 2, 9, '2020-06-12', '12:15:00', '36.41'),
(208, 2, 2, 2, 9, '2020-06-12', '12:27:00', '171.11'),
(209, 2, 2, 2, 9, '2020-06-12', '12:29:00', '42.33'),
(210, 2, 2, 2, 9, '2020-06-12', '12:40:00', '9.63'),
(211, 2, 2, 2, 9, '2020-06-12', '12:56:00', '11.45'),
(212, 2, 2, 2, 9, '2020-06-12', '14:04:00', '19.81'),
(213, 2, 2, 2, 9, '2020-06-12', '14:10:00', '259.60'),
(214, 2, 2, 2, 9, '2020-06-12', '14:17:00', '241.78'),
(215, 2, 2, 2, 9, '2020-06-12', '14:21:00', '379.97'),
(216, 2, 2, 2, 9, '2020-06-12', '14:55:00', '356.12'),
(217, 2, 2, 2, 9, '2020-06-12', '15:28:00', '339.65'),
(218, 2, 2, 2, 9, '2020-06-12', '15:50:00', '476.05'),
(219, 2, 2, 2, 9, '2020-06-12', '16:29:00', '9.19'),
(220, 2, 2, 2, 9, '2020-06-13', '13:26:00', '194.21'),
(221, 2, 2, 2, 9, '2020-06-13', '13:28:00', '68.08'),
(222, 2, 2, 2, 9, '2020-06-13', '13:30:00', '51.32'),
(223, 2, 2, 2, 9, '2020-06-13', '13:32:00', '3.52'),
(224, 2, 2, 2, 9, '2020-06-13', '13:39:00', '49.64'),
(225, 2, 2, 2, 9, '2020-06-13', '13:51:00', '71.82'),
(226, 2, 2, 2, 9, '2020-06-13', '13:51:00', '7.56'),
(227, 2, 2, 2, 9, '2020-06-13', '13:54:00', '219.16'),
(228, 2, 2, 2, 9, '2020-06-13', '13:55:00', '16.49'),
(229, 2, 2, 2, 9, '2020-06-13', '17:00:00', '1.89'),
(230, 2, 2, 2, 9, '2020-06-13', '17:04:00', '1.89'),
(231, 2, 2, 2, 9, '2020-06-16', '08:54:00', '111.85'),
(232, 2, 2, 2, 9, '2020-06-16', '09:31:00', '25.47'),
(233, 2, 2, 2, 9, '2020-06-16', '09:37:00', '77.09'),
(234, 2, 2, 2, 9, '2020-06-16', '09:47:00', '17.85'),
(235, 2, 2, 2, 9, '2020-06-16', '09:52:00', '4.25'),
(236, 2, 2, 2, 9, '2020-06-16', '10:03:00', '207.00'),
(237, 2, 2, 4, 9, '2020-06-16', '10:55:00', '16.14'),
(238, 2, 2, 2, 9, '2020-06-16', '11:10:00', '118.44'),
(239, 2, 2, 2, 9, '2020-06-16', '11:16:00', '23.17'),
(240, 2, 2, 2, 9, '2020-06-16', '11:33:00', '100.97'),
(241, 2, 2, 2, 9, '2020-06-16', '11:35:00', '20.23'),
(242, 2, 2, 2, 9, '2020-06-16', '11:58:00', '66.98'),
(243, 2, 2, 2, 9, '2020-06-16', '12:04:00', '203.22'),
(244, 2, 2, 2, 9, '2020-06-16', '12:06:00', '144.05'),
(245, 2, 2, 2, 9, '2020-06-16', '12:13:00', '45.42'),
(246, 2, 2, 2, 9, '2020-06-16', '12:22:00', '48.74'),
(247, 2, 2, 2, 9, '2020-06-16', '12:30:00', '7.18'),
(248, 2, 2, 2, 9, '2020-06-16', '12:32:00', '7.58');

--
-- Extraindo dados da tabela `estoque`
--

INSERT INTO `estoque` (`id_produto`, `id_almoxarifado`, `qtd`) VALUES
(2, 2, 51),
(3, 2, 24),
(4, 2, 6),
(5, 2, 51),
(12, 2, 15),
(14, 2, 21),
(16, 2, 6),
(17, 2, 12),
(19, 2, 6),
(21, 2, 177),
(23, 2, 45),
(26, 2, 6),
(27, 2, 6),
(34, 2, 42),
(38, 2, 100),
(39, 2, 45),
(41, 2, 90),
(42, 2, 39),
(43, 2, 60),
(44, 2, 264),
(45, 2, 18),
(47, 2, 3),
(48, 2, 50),
(49, 2, 6),
(50, 2, 171),
(51, 2, 84),
(53, 2, 6),
(54, 2, 66),
(55, 2, 3),
(56, 2, 27),
(57, 2, 90),
(58, 2, 6),
(60, 2, 150),
(61, 2, 6),
(64, 2, 15),
(65, 2, 81),
(66, 2, 39),
(67, 2, 45),
(68, 2, 30),
(71, 2, 102),
(73, 2, 21),
(75, 2, 42),
(76, 2, 12),
(77, 2, 54),
(78, 2, 9),
(79, 2, 6),
(80, 2, 30),
(81, 2, 45),
(82, 2, 6),
(83, 2, 6),
(84, 2, 9),
(89, 2, 9),
(90, 2, 6),
(91, 2, 21),
(94, 2, 18),
(95, 2, 45),
(96, 2, 9),
(97, 2, 3),
(98, 2, 75),
(99, 2, 74),
(102, 2, 84),
(103, 2, 158),
(105, 2, 6),
(106, 2, 306),
(107, 2, 15),
(108, 2, 75),
(109, 2, 19),
(110, 2, 12),
(112, 2, 30),
(122, 2, 6),
(123, 2, 90),
(124, 2, 3),
(125, 2, 65),
(126, 2, 18),
(127, 2, 12),
(128, 2, 6),
(129, 2, 21),
(130, 2, 114),
(132, 2, 30),
(133, 2, 84),
(135, 2, 12),
(136, 2, 6),
(137, 2, 260),
(139, 2, 27),
(140, 2, 12),
(141, 2, 183),
(142, 2, 9),
(143, 2, 6),
(144, 2, 111),
(145, 2, 54),
(146, 2, 28),
(150, 2, 19),
(155, 2, 8),
(158, 2, 15),
(159, 2, 12),
(162, 2, 57),
(164, 2, 33),
(165, 2, 30),
(166, 2, 160),
(168, 2, 281),
(169, 2, 9),
(170, 2, 121),
(171, 2, 272),
(173, 2, 63),
(174, 2, 48),
(175, 2, 6),
(176, 2, 144),
(178, 2, 6),
(179, 2, 90),
(180, 2, 110),
(181, 2, 18),
(182, 2, 60),
(183, 2, 15),
(184, 2, 29),
(185, 2, 69),
(186, 2, 60),
(187, 2, 9),
(188, 2, 105),
(189, 2, 18),
(190, 2, 6),
(193, 2, 123),
(202, 2, 10),
(203, 2, 8),
(205, 2, 744),
(206, 2, 9),
(207, 2, 24),
(208, 2, 22),
(209, 2, 6),
(211, 2, 8),
(212, 2, 9),
(213, 2, 24),
(214, 2, 42),
(216, 2, 93),
(217, 2, 6),
(224, 2, 624),
(227, 2, 2458),
(228, 2, 144),
(229, 2, 12),
(230, 2, 6),
(231, 2, 3),
(233, 2, 144),
(236, 2, 6),
(237, 2, 6),
(247, 2, 8),
(252, 2, 4),
(253, 2, 20),
(254, 2, 21),
(255, 2, 3),
(256, 2, 3),
(257, 2, 8),
(258, 2, 6),
(259, 2, 3),
(260, 2, 3),
(261, 2, 3),
(262, 2, 3),
(263, 2, 9),
(264, 2, 3),
(265, 2, 6),
(266, 2, 13),
(268, 2, 3),
(269, 2, 6),
(270, 2, 6),
(273, 2, 21),
(274, 2, 12),
(275, 2, 6),
(282, 2, 63),
(283, 2, 48),
(284, 2, 24),
(285, 2, 283),
(286, 2, 173),
(287, 2, 18),
(289, 2, 6),
(290, 2, 12),
(291, 2, 27),
(292, 2, 21),
(294, 2, 24),
(295, 2, 91),
(301, 2, 3),
(302, 2, 6),
(304, 2, 3),
(305, 2, 6),
(308, 2, 72),
(309, 2, 30),
(311, 2, 17),
(312, 2, 3),
(313, 2, 3),
(314, 2, 15),
(315, 2, 60),
(316, 2, 87),
(317, 2, 3),
(318, 2, 75),
(319, 2, 24),
(321, 2, 3),
(322, 2, 12),
(323, 2, 12),
(324, 2, 6),
(325, 2, 9),
(326, 2, 6),
(327, 2, 3),
(328, 2, 33),
(329, 2, 81),
(330, 2, 18),
(331, 2, 9),
(332, 2, 360),
(333, 2, 36),
(334, 2, 15),
(335, 2, 213),
(336, 2, 15),
(337, 2, 27),
(338, 2, 5),
(339, 2, 2),
(340, 2, 4),
(341, 2, 3),
(342, 2, 5),
(343, 2, 17),
(344, 2, 6),
(345, 2, 63),
(346, 2, 42),
(347, 2, 3),
(348, 2, 3),
(349, 2, 12),
(350, 2, 3),
(351, 2, 57),
(352, 2, 3),
(353, 2, 6),
(354, 2, 96),
(355, 2, 6),
(356, 2, 9),
(357, 2, 6),
(358, 2, 9),
(359, 2, 6),
(360, 2, 3),
(361, 2, 3),
(362, 2, 8),
(363, 2, 6),
(364, 2, 50),
(365, 2, 6),
(366, 2, 6),
(367, 2, 54),
(368, 2, 3),
(369, 2, 12),
(370, 2, 3),
(371, 2, 9),
(372, 2, 6),
(373, 2, 3),
(374, 2, 90),
(375, 2, 21),
(376, 2, 6),
(377, 2, 12),
(378, 2, 42),
(379, 2, 6),
(380, 2, 90),
(381, 2, 27),
(382, 2, 18),
(383, 2, 2),
(384, 2, 3),
(385, 2, 3),
(386, 2, 8),
(387, 2, 3),
(388, 2, 6),
(390, 2, 3),
(391, 2, 3),
(392, 2, 2),
(393, 2, 2),
(394, 2, 2),
(395, 2, 12),
(396, 2, 3),
(397, 2, 3),
(398, 2, 8),
(399, 2, 3),
(400, 2, 9),
(401, 2, 6),
(402, 2, 6),
(403, 2, 3),
(404, 2, 12),
(405, 2, 27),
(406, 2, 3),
(407, 2, 3);

--
-- Extraindo dados da tabela `funcionario`
--

INSERT INTO `funcionario` (`id_funcionario`, `id_pessoa`, `id_cargo`, `id_situacao`, `data_admissao`, `pis`, `ctps`, `uf_ctps`, `numero_titulo`, `zona`, `secao`, `certificado_reservista_numero`, `certificado_reservista_serie`) VALUES
(4, 7, 2, 5, '2013-12-19', '', '', '', '', '', '', '', ''),
(5, 8, 3, 5, '2014-12-10', '', '', '', '', '', '', '', ''),
(6, 9, 2, 5, '1901-01-01', '', '', '', '', '', '', '', '');

--
-- Extraindo dados da tabela `ientrada`
--

INSERT INTO `ientrada` (`id_ientrada`, `id_entrada`, `id_produto`, `qtd`, `valor_unitario`) VALUES
(1, 1, 171, 1, '4.39'),
(2, 2, 168, 15, '3.85'),
(3, 3, 171, 4, '4.39'),
(4, 4, 171, 4, '4.39'),
(5, 5, 171, 15, '4.39'),
(6, 6, 173, 1, '4.29'),
(7, 7, 170, 24, '3.99'),
(8, 8, 166, 16, '3.79'),
(9, 9, 170, 12, '3.99'),
(10, 10, 169, 2, '3.89'),
(11, 11, 254, 7, '2.97'),
(12, 12, 168, 14, '3.85'),
(13, 13, 166, 36, '3.79'),
(14, 14, 170, 3, '3.99'),
(15, 15, 171, 2, '4.39'),
(16, 16, 169, 1, '3.89'),
(17, 17, 173, 20, '4.29'),
(18, 18, 171, 60, '4.39'),
(19, 19, 212, 3, '12.96'),
(20, 20, 209, 2, '8.98'),
(21, 21, 207, 7, '14.37'),
(22, 22, 208, 3, '12.19'),
(23, 23, 190, 2, '12.04'),
(24, 24, 206, 1, '12.15'),
(25, 25, 253, 4, '4.19'),
(26, 26, 253, 1, '4.19'),
(27, 27, 211, 1, '4.69'),
(28, 28, 255, 1, '4.49'),
(29, 29, 256, 1, '9.99'),
(30, 30, 179, 28, '2.49'),
(31, 31, 180, 28, '1.29'),
(32, 32, 182, 20, '1.45'),
(33, 33, 185, 23, '1.10'),
(34, 34, 184, 8, '1.05'),
(35, 35, 183, 5, '1.20'),
(36, 36, 179, 1, '2.49'),
(37, 37, 179, 1, '2.49'),
(38, 38, 181, 6, '1.89'),
(39, 39, 259, 1, '1.87'),
(40, 40, 260, 1, '1.87'),
(41, 41, 257, 2, '1.69'),
(42, 42, 258, 2, '2.19'),
(43, 43, 261, 1, '0.99'),
(44, 44, 262, 1, '1.85'),
(45, 45, 263, 3, '2.80'),
(46, 46, 270, 1, '3.79'),
(47, 47, 269, 1, '3.79'),
(48, 48, 174, 16, '4.79'),
(49, 49, 178, 2, '3.35'),
(50, 50, 176, 46, '4.25'),
(51, 51, 175, 2, '3.29'),
(52, 52, 176, 1, '4.25'),
(53, 53, 268, 1, '7.99'),
(54, 54, 269, 1, '3.79'),
(55, 55, 270, 1, '3.79'),
(56, 56, 266, 1, '1.99'),
(57, 57, 264, 1, '1.45'),
(58, 58, 265, 2, '1.38'),
(59, 59, 186, 18, '4.99'),
(60, 60, 186, 2, '4.99'),
(61, 61, 274, 3, '3.30'),
(62, 62, 187, 2, '5.19'),
(63, 63, 275, 2, '4.89'),
(64, 64, 188, 5, '6.90'),
(65, 65, 274, 1, '3.30'),
(66, 66, 273, 7, '3.59'),
(67, 67, 189, 1, '2.99'),
(68, 68, 284, 8, '2.39'),
(69, 69, 282, 16, '1.39'),
(70, 70, 213, 7, '2.55'),
(71, 71, 283, 16, '1.65'),
(72, 72, 214, 8, '3.39'),
(73, 73, 216, 30, '4.10'),
(74, 74, 214, 6, '3.39'),
(75, 75, 106, 90, '4.90'),
(76, 76, 286, 26, '5.19'),
(77, 76, 286, 26, '5.19'),
(78, 77, 285, 79, '6.99'),
(79, 78, 110, 4, '6.89'),
(80, 79, 39, 16, '6.39'),
(81, 80, 103, 53, '8.99'),
(82, 81, 109, 7, '7.99'),
(83, 82, 105, 2, '6.49'),
(84, 83, 102, 23, '8.99'),
(85, 84, 287, 2, '6.95'),
(86, 85, 290, 4, '3.28'),
(87, 86, 289, 2, '7.19'),
(88, 87, 38, 38, '4.29'),
(89, 88, 285, 18, '6.99'),
(90, 89, 291, 9, '2.99'),
(91, 90, 108, 19, '5.45'),
(92, 91, 292, 7, '7.55'),
(93, 92, 107, 5, '6.99'),
(94, 93, 294, 8, '6.59'),
(95, 94, 287, 2, '6.95'),
(96, 95, 295, 30, '18.90'),
(97, 96, 51, 28, '14.89'),
(98, 97, 57, 30, '14.99'),
(99, 98, 58, 2, '14.99'),
(100, 99, 106, 3, '4.90'),
(101, 100, 45, 6, '14.99'),
(102, 101, 301, 1, '20.99'),
(103, 102, 302, 2, '8.49'),
(104, 103, 55, 1, '14.99'),
(105, 104, 304, 1, '13.99'),
(106, 105, 53, 2, '15.95'),
(107, 106, 49, 1, '8.99'),
(108, 107, 47, 1, '5.79'),
(109, 108, 305, 1, '9.95'),
(110, 109, 164, 11, '5.91'),
(111, 110, 162, 19, '2.95'),
(112, 111, 165, 10, '5.10'),
(113, 112, 224, 180, '3.29'),
(114, 113, 227, 876, '3.29'),
(115, 114, 233, 48, '3.29'),
(116, 115, 228, 48, '2.99'),
(117, 116, 308, 24, '4.29'),
(118, 117, 203, 4, '2.69'),
(119, 118, 34, 15, '2.15'),
(120, 119, 205, 212, '2.49'),
(121, 120, 16, 1, '4.99'),
(122, 121, 309, 10, '4.99'),
(123, 122, 21, 52, '4.45'),
(124, 123, 41, 30, '2.79'),
(125, 124, 193, 40, '3.45'),
(126, 125, 193, 1, '3.45'),
(127, 126, 42, 13, '3.79'),
(128, 127, 43, 20, '2.29'),
(129, 128, 112, 10, '1.79'),
(130, 129, 311, 5, '1.29'),
(131, 130, 312, 1, '3.49'),
(132, 131, 313, 1, '1.99'),
(133, 132, 314, 5, '3.25'),
(134, 133, 98, 25, '9.49'),
(135, 134, 99, 28, '17.99'),
(136, 135, 122, 2, '12.79'),
(137, 136, 80, 10, '2.79'),
(138, 137, 315, 20, '4.19'),
(139, 138, 71, 17, '2.79'),
(140, 139, 316, 29, '3.29'),
(141, 140, 90, 2, '10.95'),
(142, 141, 66, 13, '4.36'),
(143, 142, 71, 17, '2.79'),
(144, 143, 317, 1, '4.10'),
(145, 144, 77, 18, '4.25'),
(146, 145, 68, 10, '4.60'),
(147, 146, 318, 25, '4.10'),
(148, 147, 78, 3, '3.50'),
(149, 148, 75, 7, '3.19'),
(150, 148, 75, 7, '3.19'),
(151, 149, 319, 8, '3.35'),
(152, 150, 49, 1, '8.99'),
(153, 151, 73, 7, '3.79'),
(154, 152, 83, 2, '7.25'),
(155, 153, 67, 15, '4.60'),
(156, 154, 82, 2, '3.89'),
(157, 154, 91, 7, '3.19'),
(158, 155, 321, 1, '3.99'),
(159, 156, 211, 1, '4.69'),
(160, 157, 217, 1, '4.90'),
(161, 158, 168, 40, '3.85'),
(162, 159, 65, 25, '9.99'),
(163, 160, 322, 4, '9.98'),
(164, 161, 323, 4, '9.79'),
(165, 162, 324, 2, '5.25'),
(166, 163, 79, 2, '8.48'),
(167, 164, 64, 5, '11.25'),
(168, 165, 325, 3, '10.19'),
(169, 166, 96, 3, '9.39'),
(170, 167, 81, 15, '8.69'),
(171, 168, 94, 6, '11.95'),
(172, 169, 326, 2, '9.79'),
(173, 170, 84, 3, '8.79'),
(174, 171, 76, 4, '7.79'),
(175, 172, 327, 1, '4.98'),
(176, 173, 48, 13, '6.98'),
(177, 174, 48, 12, '6.98'),
(178, 175, 60, 50, '6.99'),
(179, 176, 56, 9, '6.99'),
(180, 177, 65, 2, '9.99'),
(181, 178, 44, 81, '6.99'),
(182, 179, 328, 7, '3.99'),
(183, 180, 95, 15, '5.49'),
(184, 181, 54, 23, '7.99'),
(185, 182, 329, 17, '3.99'),
(186, 183, 50, 4, '8.95'),
(187, 184, 50, 53, '8.95'),
(188, 185, 168, 20, '3.85'),
(189, 186, 202, 2, '7.45'),
(190, 187, 61, 2, '9.49'),
(191, 188, 330, 6, '4.49'),
(192, 189, 89, 3, '6.99'),
(193, 190, 331, 2, '9.49'),
(194, 191, 332, 120, '4.45'),
(195, 192, 333, 1, '16.98'),
(196, 192, 333, 11, '16.98'),
(197, 193, 329, 2, '3.99'),
(198, 194, 102, 1, '8.99'),
(199, 195, 106, 3, '4.90'),
(200, 195, 180, 1, '1.29'),
(201, 196, 334, 1, '14.99'),
(202, 197, 334, 4, '14.99'),
(203, 197, 335, 58, '13.99'),
(204, 198, 337, 9, '6.55'),
(205, 198, 336, 2, '14.75'),
(206, 199, 237, 3, '6.59'),
(207, 199, 236, 3, '6.49'),
(208, 199, 168, 4, '3.85'),
(209, 200, 184, 1, '1.05'),
(210, 200, 180, 4, '1.29'),
(211, 201, 202, 1, '7.45'),
(212, 201, 329, 2, '3.99'),
(213, 201, 150, 2, '1.89'),
(214, 201, 286, 3, '5.19'),
(215, 202, 106, 2, '4.90'),
(216, 202, 102, 2, '8.99'),
(217, 203, 339, 1, '3.29'),
(218, 203, 340, 1, '1.49'),
(219, 203, 338, 1, '2.85'),
(220, 203, 341, 1, '2.39'),
(221, 203, 342, 1, '1.59'),
(222, 203, 344, 1, '4.99'),
(223, 203, 343, 3, '2.99'),
(224, 204, 335, 6, '13.99'),
(225, 204, 208, 2, '12.19'),
(226, 204, 206, 1, '12.15'),
(227, 205, 346, 18, '7.29'),
(228, 205, 345, 21, '4.56'),
(229, 206, 349, 3, '4.49'),
(230, 206, 347, 1, '4.39'),
(231, 206, 348, 1, '9.99'),
(232, 207, 21, 2, '4.45'),
(233, 207, 350, 1, '5.69'),
(234, 207, 14, 2, '3.70'),
(235, 207, 189, 1, '2.99'),
(236, 207, 351, 1, '2.79'),
(237, 207, 352, 1, '6.65'),
(238, 207, 353, 1, '1.99'),
(239, 208, 358, 1, '4.19'),
(240, 208, 180, 1, '1.29'),
(241, 208, 356, 1, '3.30'),
(242, 208, 355, 1, '3.29'),
(243, 208, 168, 2, '3.85'),
(244, 208, 282, 2, '1.39'),
(245, 208, 311, 1, '1.29'),
(246, 208, 357, 2, '5.59'),
(247, 208, 354, 31, '4.39'),
(248, 209, 205, 17, '2.49'),
(249, 210, 360, 1, '2.43'),
(250, 210, 359, 2, '3.60'),
(251, 211, 363, 1, '3.77'),
(252, 211, 362, 2, '3.84'),
(253, 212, 230, 1, '2.42'),
(254, 212, 230, 1, '2.42'),
(255, 212, 371, 3, '4.99'),
(256, 213, 373, 1, '4.39'),
(257, 213, 139, 7, '3.49'),
(258, 213, 374, 20, '1.69'),
(259, 213, 137, 24, '4.69'),
(260, 213, 137, 18, '4.69'),
(261, 214, 369, 3, '3.25'),
(262, 214, 231, 1, '4.19'),
(263, 214, 229, 3, '2.39'),
(264, 214, 132, 1, '2.55'),
(265, 214, 365, 2, '4.39'),
(266, 214, 372, 1, '3.99'),
(267, 214, 361, 1, '7.99'),
(268, 214, 364, 21, '2.37'),
(269, 214, 142, 2, '2.41'),
(270, 214, 135, 3, '1.89'),
(271, 214, 136, 1, '2.50'),
(272, 214, 130, 11, '3.25'),
(273, 214, 145, 3, '2.39'),
(274, 214, 366, 1, '4.49'),
(275, 214, 367, 7, '4.19'),
(276, 214, 130, 1, '3.25'),
(277, 214, 129, 4, '4.29'),
(278, 214, 370, 1, '5.31'),
(279, 214, 375, 5, '4.39'),
(280, 214, 141, 1, '2.95'),
(281, 214, 368, 1, '3.99'),
(282, 214, 369, 1, '3.25'),
(283, 215, 137, 40, '4.69'),
(284, 215, 137, 23, '4.69'),
(285, 215, 130, 26, '3.25'),
(286, 216, 128, 2, '2.99'),
(287, 216, 124, 1, '4.98'),
(288, 216, 126, 6, '3.19'),
(289, 216, 123, 30, '4.99'),
(290, 216, 127, 3, '3.58'),
(291, 216, 125, 25, '2.79'),
(292, 216, 144, 37, '2.59'),
(293, 217, 133, 4, '2.70'),
(294, 217, 376, 2, '4.59'),
(295, 217, 375, 2, '4.39'),
(296, 217, 379, 2, '4.99'),
(297, 217, 378, 14, '3.58'),
(298, 217, 140, 4, '4.29'),
(299, 217, 139, 2, '3.49'),
(300, 217, 141, 20, '2.95'),
(301, 217, 377, 4, '5.20'),
(302, 217, 367, 11, '4.19'),
(303, 217, 127, 1, '3.58'),
(304, 217, 143, 2, '4.39'),
(305, 217, 366, 1, '4.49'),
(306, 217, 129, 2, '4.29'),
(307, 217, 229, 1, '2.39'),
(308, 217, 374, 10, '1.69'),
(309, 217, 132, 9, '2.55'),
(310, 217, 135, 1, '1.89'),
(311, 217, 136, 1, '2.50'),
(312, 217, 142, 1, '2.41'),
(313, 217, 145, 11, '2.39'),
(314, 218, 381, 7, '3.95'),
(315, 218, 133, 24, '2.70'),
(316, 218, 382, 6, '3.95'),
(317, 218, 381, 2, '3.95'),
(318, 218, 380, 30, '7.80'),
(319, 218, 141, 40, '2.95'),
(320, 219, 398, 4, '1.55'),
(321, 219, 397, 1, '2.99'),
(322, 220, 102, 3, '8.99'),
(323, 220, 287, 2, '6.95'),
(324, 220, 106, 8, '4.90'),
(325, 220, 286, 3, '5.19'),
(326, 220, 108, 6, '5.45'),
(327, 220, 205, 20, '2.49'),
(328, 220, 358, 1, '4.19'),
(329, 220, 356, 2, '3.30'),
(330, 220, 355, 1, '3.29'),
(331, 220, 353, 1, '1.99'),
(332, 221, 328, 4, '3.99'),
(333, 221, 44, 1, '6.99'),
(334, 221, 329, 6, '3.99'),
(335, 221, 391, 1, '4.25'),
(336, 221, 331, 1, '9.49'),
(337, 221, 202, 1, '7.45'),
(338, 222, 396, 1, '4.19'),
(339, 222, 150, 7, '1.89'),
(340, 222, 363, 2, '3.77'),
(341, 222, 393, 1, '2.99'),
(342, 222, 362, 2, '3.84'),
(343, 222, 386, 4, '3.20'),
(344, 222, 392, 1, '2.89'),
(345, 223, 394, 1, '3.52'),
(346, 224, 211, 1, '4.69'),
(347, 224, 208, 3, '12.19'),
(348, 224, 253, 2, '4.19'),
(349, 225, 282, 3, '1.39'),
(350, 225, 216, 1, '4.10'),
(351, 225, 354, 1, '4.39'),
(352, 225, 14, 2, '3.70'),
(353, 225, 351, 2, '2.79'),
(354, 225, 21, 5, '4.45'),
(355, 225, 206, 1, '12.15'),
(356, 225, 388, 2, '3.27'),
(357, 225, 384, 1, '1.89'),
(358, 225, 390, 1, '3.35'),
(359, 226, 395, 4, '1.89'),
(360, 227, 335, 8, '13.99'),
(361, 227, 336, 3, '14.75'),
(362, 227, 387, 1, '13.99'),
(363, 227, 305, 1, '9.95'),
(364, 227, 295, 1, '18.90'),
(365, 227, 217, 1, '4.90'),
(366, 227, 385, 1, '3.29'),
(367, 227, 189, 4, '2.99'),
(368, 228, 97, 1, '11.50'),
(369, 228, 344, 1, '4.99'),
(370, 229, 252, 1, '1.89'),
(371, 230, 252, 1, '1.89'),
(372, 231, 158, 5, '18.99'),
(373, 231, 146, 10, '1.69'),
(374, 232, 349, 1, '4.49'),
(375, 232, 343, 4, '2.99'),
(376, 232, 342, 1, '1.59'),
(377, 232, 338, 1, '2.85'),
(378, 232, 383, 1, '3.09'),
(379, 232, 340, 1, '1.49'),
(380, 233, 171, 7, '4.39'),
(381, 233, 168, 8, '3.85'),
(382, 233, 166, 2, '3.79'),
(383, 233, 170, 2, '3.99'),
(384, 234, 180, 4, '1.29'),
(385, 234, 266, 5, '1.99'),
(386, 234, 184, 1, '1.05'),
(387, 234, 257, 1, '1.69'),
(388, 235, 176, 1, '4.25'),
(389, 236, 188, 30, '6.90'),
(390, 237, 159, 6, '2.69'),
(391, 238, 224, 36, '3.29'),
(392, 239, 247, 3, '2.59'),
(393, 239, 155, 4, '3.85'),
(394, 240, 295, 1, '18.90'),
(395, 240, 44, 6, '6.99'),
(396, 240, 286, 2, '5.19'),
(397, 240, 213, 1, '2.55'),
(398, 240, 358, 1, '4.19'),
(399, 240, 193, 1, '3.45'),
(400, 240, 187, 1, '5.19'),
(401, 240, 207, 1, '14.37'),
(402, 241, 372, 1, '3.99'),
(403, 241, 145, 4, '2.39'),
(404, 241, 229, 1, '2.39'),
(405, 241, 129, 1, '4.29'),
(406, 242, 400, 3, '4.78'),
(407, 242, 401, 2, '7.19'),
(408, 242, 402, 2, '7.80'),
(409, 242, 399, 1, '7.19'),
(410, 242, 403, 1, '15.47'),
(411, 243, 2, 17, '4.99'),
(412, 243, 351, 16, '2.79'),
(413, 243, 12, 5, '3.65'),
(414, 243, 23, 15, '3.70'),
(415, 244, 3, 8, '8.55'),
(416, 244, 5, 17, '4.45'),
(417, 245, 404, 4, '3.49'),
(418, 245, 27, 2, '5.19'),
(419, 245, 26, 2, '4.99'),
(420, 245, 14, 3, '3.70'),
(421, 246, 405, 9, '2.29'),
(422, 246, 16, 1, '4.99'),
(423, 246, 17, 4, '3.79'),
(424, 246, 19, 2, '3.99'),
(425, 247, 407, 1, '3.79'),
(426, 247, 406, 1, '3.39'),
(427, 248, 4, 2, '3.79');



--
-- Extraindo dados da tabela `isaida`
--

INSERT INTO `isaida` (`id_isaida`, `id_saida`, `id_produto`, `qtd`, `valor_unitario`) VALUES
(1, 1, 38, 14, '4.29'),
(2, 1, 39, 2, '6.39'),
(3, 1, 106, 11, '4.90'),
(4, 1, 102, 3, '8.99'),
(5, 2, 285, 7, '6.99'),
(6, 2, 109, 1, '7.99'),
(7, 2, 285, 1, '6.99'),
(8, 2, 286, 7, '5.19'),
(9, 2, 39, 1, '6.39'),
(10, 2, 103, 1, '8.99'),
(11, 2, 109, 1, '7.99'),
(12, 3, 168, 20, '3.85'),
(13, 4, 137, 40, '4.69'),
(14, 5, 202, 2, '7.45'),
(15, 5, 54, 3, '7.99'),
(16, 6, 125, 10, '2.79'),
(17, 7, 227, 48, '3.29'),
(18, 8, 203, 4, '2.69'),
(19, 8, 34, 3, '2.15'),
(20, 8, 205, 3, '2.49'),
(21, 9, 99, 10, '17.99'),
(22, 10, 48, 13, '6.98'),
(23, 11, 48, 12, '6.98'),
(24, 12, 392, 1, '2.89'),
(25, 12, 386, 4, '3.20'),
(26, 12, 393, 1, '2.99'),
(27, 12, 362, 2, '3.84'),
(28, 12, 363, 2, '3.77'),
(29, 12, 394, 1, '3.52'),
(30, 12, 150, 7, '1.89'),
(31, 13, 253, 1, '4.19'),
(32, 13, 211, 1, '4.69'),
(33, 13, 208, 2, '12.19'),
(34, 14, 252, 2, '1.89'),
(35, 15, 146, 2, '1.69'),
(36, 16, 363, 1, '3.77'),
(37, 16, 362, 2, '3.84'),
(38, 17, 237, 3, '6.59'),
(39, 17, 398, 4, '1.55'),
(40, 18, 236, 3, '6.49'),
(41, 19, 346, 10, '7.29'),
(42, 20, 346, 2, '7.29'),
(43, 21, 150, 1, '1.89'),
(44, 22, 106, 1, '4.90'),
(45, 23, 229, 3, '2.39'),
(46, 24, 340, 1, '1.49'),
(47, 24, 339, 1, '3.29'),
(48, 25, 340, 1, '1.49'),
(49, 25, 383, 1, '3.09'),
(50, 25, 342, 1, '1.59'),
(51, 25, 338, 1, '2.85'),
(52, 25, 343, 4, '2.99'),
(53, 26, 170, 2, '3.99'),
(54, 26, 166, 2, '3.79'),
(55, 26, 171, 7, '4.39'),
(56, 26, 168, 8, '3.85'),
(57, 27, 180, 4, '1.29'),
(58, 27, 257, 1, '1.69'),
(59, 27, 184, 1, '1.05'),
(60, 27, 266, 5, '1.99'),
(61, 28, 311, 1, '1.29'),
(62, 28, 193, 3, '3.45'),
(79, 36, 98, 9, '9.49'),
(80, 36, 137, 15, '4.69'),
(81, 37, 228, 12, '2.99'),
(82, 37, 224, 12, '3.29'),
(83, 38, 224, 12, '3.29'),
(84, 39, 227, 122, '3.29'),
(85, 40, 364, 13, '2.37'),
(86, 41, 159, 6, '2.69'),
(87, 42, 335, 3, '13.99'),
(88, 43, 295, 5, '18.90'),
(89, 44, 247, 1, '2.59'),
(90, 44, 155, 4, '3.85');

--
-- Extraindo dados da tabela `origem`
--

INSERT INTO `origem` (`id_origem`, `nome_origem`, `cnpj`, `cpf`, `telefone`) VALUES
(2, 'Doador não Identificado', '00.000.000/0001-04', '', '(22)99999-130');

--
-- Extraindo dados da tabela `pessoa`
--

INSERT INTO `pessoa` (`id_pessoa`, `cpf`, `senha`, `nome`, `sobrenome`, `sexo`, `telefone`, `data_nascimento`, `imagem`, `cep`, `estado`, `cidade`, `bairro`, `logradouro`, `numero_endereco`, `complemento`, `ibge`, `registro_geral`, `orgao_emissor`, `data_expedicao`, `nome_mae`, `nome_pai`, `tipo_sanguineo`, `nivel_acesso`, `adm_configurado`) VALUES
(7, '001', '9dcc9cbd309bfe63101c96687fb79ca847e9f238ce965f82eb44e8daf825cdbb', 'Douglas', 'José da Costa', 'm', '(22)99999-99999', '1987-06-17', '', '', '', '', '', '', '', '', '', '30.555.555-2', 'Detran/RJ', '2015-10-18', '', '', '', 0, 0),
(8, '002', '9dcc9cbd309bfe63101c96687fb79ca847e9f238ce965f82eb44e8daf825cdbb', 'Marta', 'Silva Santo', 'f', '(22)99999-8888', '2000-08-06', '', '', '', '', '', '', '', '', '', '08.777.333-2', 'Detran/RJ', '2007-04-14', '', '', '', 0, 0),
(9, '003', '9dcc9cbd309bfe63101c96687fb79ca847e9f238ce965f82eb44e8daf825cdbb', 'Josimar', 'Pereira da Costa', 'f', '(22)55555-4444', '1955-02-07', '', '', '', '', '', '', '', '', '', '12.131.456-7', 'Detran/RJ', '2005-03-12', '', '', '', 0, 0);

--
-- Extraindo dados da tabela `produto`
--

INSERT INTO `produto` (`id_produto`, `id_categoria_produto`, `id_unidade`, `descricao`, `codigo`, `preco`) VALUES
(2, 2, 5, 'Macarrão Galo Parafuso 1kg', '7896022200541', '4.99'),
(3, 2, 5, 'Macarrão Galo Ninho N2 1kg', '7896022200671', '8.55'),
(4, 2, 5, 'Macarrão Galo Tortiglione 500g', '7896022200480', '3.79'),
(5, 2, 5, 'Macarrão Galo Ninho N2 500g', '7896022200664', '4.45'),
(6, 2, 5, 'Massa Rigatone Piraque Com Ovos 500Gr', '7896024733283', '4.29'),
(7, 2, 5, 'Massa Talharim Largo Com Ovos Piraque 500Gr', '7896024732477', '5.40'),
(8, 2, 5, 'Massa Sêmola Don Sapore 500G PADRE NOSSO', '7896021314249', '2.07'),
(9, 2, 5, 'Massa De Lasanha de sêmola Santa Amália 500G', '7896021302826', '8.00'),
(10, 2, 5, 'Macarrão Talharim Carneiro Com Ovos Caseira 500G', '7897015300101', '6.69'),
(11, 2, 5, 'Massa com Ovos Pinheiro Goelinha 500g', '7896020003182', '2.07'),
(12, 2, 5, 'Macarrão Com Ovos Ninho Dona Benta Pacote 500g', '7896005286609', '3.65'),
(13, 2, 5, 'Massa Gravata Com Ovos Piraque 500Gr', '7896024733870', '4.35'),
(14, 2, 5, 'Massa Parafuso Sêmola Dona Benta 500Gr', '7896005286555', '3.70'),
(15, 2, 5, 'Macarrão Com Ovos Dona Benta Parafuso 500G', '7896005286593', '3.79'),
(16, 2, 5, 'Massa Com Sêmola Santa Amalia Parafuso 1Kg', '7896021300556', '4.99'),
(17, 2, 5, 'Massa Parafuso Sêmola N2 Galo 500Gr', '7896022200534', '3.79'),
(18, 2, 5, 'Massa Parafuso Piraque Com Ovos 500Gr', '7896024733108', '4.29'),
(19, 2, 5, 'Macarrão Com Ovos Santa Amália Parafuso 500G', '7896021300433', '3.99'),
(20, 2, 5, 'Macarrão Farfalle Santa Amalia Ovos 500G', '7896021302987', '4.85'),
(21, 2, 5, 'Macarrão Galo Sêmolado Espaguete Nº8 1Kg', '7896022200763', '4.45'),
(22, 2, 5, 'Macarrão Espaguete Santa Amalia Sêmola N8 1Kg', '7896921300099', '4.99'),
(23, 2, 5, 'Massa Penne Sêmola Dona Benta 500Gr', '7896005281697', '3.70'),
(24, 2, 5, 'Macarrão Ninho Knorr Massa De Sêmola 500G', '7891150062436', '3.59'),
(25, 2, 5, 'Macarrão Parati Com Ovos Ninho Largo Pa 500G', '789601110728', '5.49'),
(26, 2, 5, 'Aldente massa alimentícia Sêmola Ninho Largo 500G', '7896024742438', '4.99'),
(27, 2, 5, 'Massa Aldente Piraquê Ninho Fino 500g', '7896024742353', '5.19'),
(28, 2, 5, 'Massa Espaguete Renata Com Ovos N8 500Gr', '7896022200282', '4.59'),
(29, 2, 5, 'Macarrão Sêmola Santa Amália Espaguete Nº8 500G', '7896021300082', '3.59'),
(30, 2, 5, 'Macarrão Miojo Nissin Lámen Galinha Caipira', '7891079000229', '1.69'),
(31, 2, 5, 'Macarrão Instantâneo Nissin Molho De Queijo 88G', '7891079013229', '1.69'),
(32, 2, 5, 'Arroz Ouro Branco 5Kg', '789744380069', '14.99'),
(34, 2, 5, 'Açúcar Refinado Guarani 1Kg', '7896109801005', '2.15'),
(35, 2, 5, 'Feijão Pereira 500G Vermelho', '7898084091334', '5.75'),
(38, 2, 5, 'Feijão Big Bóia preto 1k', '7898096596018', '4.29'),
(39, 2, 5, 'Feijão Caldo Carioca Preto 1k', '7898007290288', '6.39'),
(40, 2, 5, 'Feijão Granfino Carioquinha 500g', '7896016501043', '6.99'),
(41, 2, 5, 'Fubá Perreira 1k', '7898084090467', '2.79'),
(42, 2, 5, 'Fubá Granfino 1k', '7896016500022', '3.79'),
(43, 2, 5, 'Fubá Mimoso Anchieta 1kg', '7896505600011', '2.29'),
(44, 2, 5, 'Café Porto Novo 500G', '7896295700052', '6.99'),
(45, 2, 5, 'Arroz Ouro Branco 5Kg Parboilizado', '7897443800204', '14.99'),
(46, 2, 5, 'Café Palmares 250G', '7896213270001', '3.99'),
(47, 2, 5, 'Arroz Rei Arthur 2kg Tipo 1', '7896754600213', '5.79'),
(48, 2, 5, 'Café Palmares 500G', '7896213280000', '6.98'),
(49, 2, 5, 'Arroz Fighera 2kg Tp1', '7898956320029', '8.99'),
(50, 2, 5, 'Café Pilão 500G ', '7896089012019', '8.95'),
(51, 2, 5, 'Arroz Sepé 5Kg Tradicional', '7896009833557', '14.89'),
(53, 2, 5, 'Arroz Rampinelli Branco 5kg', '7896546112252', '15.95'),
(54, 2, 5, 'Café Bonjardinense 500G', '7897044005008', '7.99'),
(55, 2, 5, 'Arroz Iguatemi 5kg', '7898006310024', '14.99'),
(56, 2, 5, 'Café 2000 500g', '7898096542558', '6.99'),
(57, 2, 5, 'Arroz Fighera Palido 5kg', '7898956320098', '14.99'),
(58, 2, 5, 'Arroz Agulhinha Tipo 1 Qualitá Pacote 5kg', '7895000318612', '14.99'),
(60, 2, 5, 'Café do Ano 500g', '7897823100207', '6.99'),
(61, 2, 5, 'Café Pelé 500G', '7892222310523', '9.49'),
(64, 2, 5, 'Café Marques Da Costa 500G Tradicional', '7898961401089', '11.25'),
(65, 2, 5, 'Café 3 Corações Extra Forte 500G', '7896005801529', '9.99'),
(66, 2, 5, 'Arroz Tio João Classe Logo Fino 1Kg', '7893500020110', '4.36'),
(67, 2, 5, 'Arroz Fighera Tipo 1 1Kg', '7898956320012', '4.60'),
(68, 2, 5, 'Arroz Granfino Tipo 1 1Kg', '7896016501326', '4.60'),
(71, 2, 5, 'Arroz Sepé 1Kg Tradicional', '7896009833762', '2.79'),
(73, 2, 5, 'Arroz Palmares Polído Plus 1kg', '7897066791019', '3.79'),
(74, 2, 5, 'Café Melitta 500G', '7891021006125', '10.15'),
(75, 2, 5, 'Arroz Agulhinha Tipo 1 Qualitá Pacote 1kg', '7895000318629', '3.19'),
(76, 2, 5, 'Café Pelé Vácuo 500G', '7892222300500', '7.79'),
(77, 2, 5, 'Arroz Verinha Tipo 1 Polido Pacote 1kg', '7897387000036', '4.25'),
(78, 2, 5, 'Arroz Ouro Branco 1Kg Parboilizado', '7897443800198', '3.50'),
(79, 2, 5, 'Pimpinela Golden Vacuo 500G', '7896081800362', '8.48'),
(80, 2, 5, 'Arroz Gladiador 1Kg', '7896754600510', '2.79'),
(81, 2, 5, 'Café Fort 500G', '7896005800546', '8.69'),
(82, 2, 5, 'Arroz Branco Granfino 1Kg', '7896016501197', '3.89'),
(83, 2, 5, 'Arroz Sepé tipo 1 Bianco 2kg', '7896009863752', '7.25'),
(84, 2, 5, 'Café Pilão Vácuo Extra Forte 500G', '7896089013405', '8.79'),
(86, 2, 5, 'Arroz Agulhinha Tipo 2 Bom Chef 1kg', '7897236905086', '2.25'),
(88, 2, 5, 'Arroz Agulhinha Tipo 1 Bom Chef Pacote 1kg', '7897236906816', '3.19'),
(89, 2, 5, 'Café Garoto 500G', '7897823100184', '6.99'),
(90, 2, 5, 'Arroz Branco Tio João Pacote 2 kg', '7893500020134', '10.95'),
(91, 2, 5, 'Arroz Rei da Panela Tipo 1 1kg', '7898172900203', '3.19'),
(94, 2, 5, 'Café Melitta Extra Forte vacuo 500G', '7891021006934', '11.95'),
(95, 2, 5, 'Café São Fidélis 500G', '7898096540028', '5.49'),
(96, 2, 5, 'Café Três Corações Tradicional 500G', '7896005800010', '9.39'),
(97, 2, 5, 'Leite Em Pó Integral Gloria 400G', '7896183210083', '11.50'),
(98, 2, 5, 'Leite Em Pó Integral Fazenda Do Rio Sachê 400G', '7897137000361', '9.49'),
(99, 2, 7, 'Leite Ninho Fort+instantâneo 400G', '7891000142202', '17.99'),
(100, 2, 5, 'Leite Em Pó Mil Instantâneo Integral 400Gr', '7897236905352', '9.98'),
(101, 2, 7, 'Leite Em Pó Gloria 300G', '7896183210045', '11.49'),
(102, 2, 5, 'Feijão Caldo Novo 1k', '7898954144016', '8.99'),
(103, 2, 5, 'Feijão Com Brasil 1k', '7896101062015', '8.99'),
(104, 2, 5, 'Feijão Preto Anchieta 1k', '7896505602404', '5.19'),
(105, 2, 5, 'Feijão Kicaldo 1k', '7896116900647', '6.49'),
(106, 2, 5, 'Feijão Flor Do Sul', '7898929975010', '4.90'),
(107, 2, 5, 'feijão Preto Qualitá', '7895000319008', '6.99'),
(108, 2, 5, 'Feijao Preto Big Mil 1k', '7897236901019', '5.45'),
(109, 2, 5, 'Feijão Preto Granfino 1k', '7896016501227', '7.99'),
(110, 2, 5, 'Feijao Preto Bom Chef 1k', '7897236906823', '6.89'),
(112, 2, 5, 'Fubá Rosa Alimentos 500G', '7896999100264', '1.79'),
(113, 2, 5, 'Fubá Pré Cozido Yoki 1Kg', '7891095200191', '6.15'),
(114, 2, 3, 'Suco  Cajú Imbiara 980ml', '7896859100618', '5.99'),
(116, 2, 3, 'Suco de Uva Imbiara 500ml', '7896859100625', '3.19'),
(118, 2, 3, 'Suco de Maracujá Imbiara 500ml', '7896859100595', '11.99'),
(120, 2, 3, 'Suco Pronto Imbiara Uva Garrafa 980M', '7896859100694', '10.99'),
(122, 2, 7, 'Leite em Pó Instantâneo Itambé 300G', '7896051130291', '12.79'),
(123, 2, 5, 'Biscoito Salgado Marilan 400G', '7896003703214', '4.99'),
(124, 2, 5, 'Biscoito mabel salgado 400G', '7896071003162', '4.98'),
(125, 2, 5, 'Biscoito Salgado Duchen 400G', '7896023600340', '2.79'),
(126, 2, 5, 'Biscoito Parati Cracker Água e Sal 370g', '7896011102566', '3.19'),
(127, 2, 5, 'Biscoito Salgado Renata 360G', '7896022205164', '3.58'),
(128, 2, 5, 'Biscoito Bauducco Levíssimo Água E Sal 200G  ', '7891962014999', '2.99'),
(129, 2, 5, 'Biscoito de Maisena Mabel 400G', '7896071001953', '4.29'),
(130, 2, 5, 'Biscoito Parati Maisena 370G', '7896011102580', '3.25'),
(132, 2, 5, 'Biscoito Maizena duchen 200G', '7896023600111', '2.55'),
(133, 2, 5, 'Biscoito Maisena  Bauducco 170G', '7891962032450', '2.70'),
(135, 2, 5, 'Biscoito Salgado Duchen 200G', '7896023600074', '1.89'),
(136, 2, 5, 'Biscoito De Maizena Cadore 200G', '7896010607536', '2.50'),
(137, 2, 5, 'Biscoito PIRAQUÊ Maizena  200g', '7896024722324', '4.69'),
(139, 2, 5, 'Biscoito  Duchen Specialat Maizena  400G', '7896023600364', '3.49'),
(140, 2, 5, 'Biscoito Maizena de Chocolate Marilan 400G', '7896003702934', '4.29'),
(141, 2, 5, 'Biscoito De Maisena Renata 360G', '7896022205201', '2.95'),
(142, 2, 5, 'BISCOITO MAIZENA Filler 200G ', '7898045271058', '2.41'),
(143, 2, 5, 'Biscoito Maria 370G', '7895000483013', '4.39'),
(144, 2, 5, 'Biscoito Salgado Renata Cream Cracker 200G', '7896022205157', '2.59'),
(145, 2, 5, 'Biscoito Recheado Bauducco 140G', '7891962008387', '2.39'),
(146, 2, 3, 'Vinagre Alcool Colorido Mil 750ml', '7897236901828', '1.69'),
(147, 2, 3, 'Vinagre de Maçã Toscano 750ml', '7891144000147', '3.89'),
(148, 2, 3, 'Vinagre de Maçã Peixe 750 mL', '7896089321050', '5.59'),
(149, 2, 5, 'Molho de Tomate Tradicional Fugini Sachê 340g', '7897517206086', '1.69'),
(150, 2, 5, 'Molho de Tomate  Pramesa Sachê 340', '7898920223363', '1.89'),
(151, 2, 5, 'Molho de Tomate Primor Tradicional 340G', '7891080170591', '1.67'),
(152, 2, 7, 'Extrato de Tomate Quero  350G', '7896102502190', '2.98'),
(153, 2, 5, 'Molho Tomate Pomarola Tradicional 340G', '7896036095904', '2.28'),
(155, 2, 5, 'Leite Condensado Semidesnatado ITALAC 395G', '7898080640413', '3.85'),
(156, 2, 7, 'Extrato de Tomate Elefante 375G', '7896036097069', '5.29'),
(157, 2, 5, 'Orégano Marca do Sabor  100G', '7896269300912', '6.99'),
(158, 2, 3, 'Azeite  Extra Virgem O Live 500ml', '7804622380167', '18.99'),
(159, 2, 5, 'Trigo Para Kibe Bom Chef 500Gr', '7897236906915', '2.69'),
(160, 2, 5, 'Milho De Pipoca Premium Yoki 500Gr', '7891095006984', '3.35'),
(161, 2, 5, 'Milho De Pipoca Bom Chef 500Gr', '7897236906908', '2.95'),
(162, 2, 3, 'Adoçante Assugrin 100Ml', '7896060010492', '2.95'),
(164, 2, 3, 'Adoçante Assugrin 200ml', '7896060009618', '5.91'),
(165, 2, 3, 'Adoçante Adocyl Sacarina 200ML', '7891104393067', '5.10'),
(166, 2, 3, 'Óleo de Soja SOYA  900ml', '7891107101621', '3.79'),
(168, 2, 3, 'Óleo de Soja LIZA  900ml', '7896036090244', '3.85'),
(169, 2, 3, 'Óleo de Soja QUALITÁ 900ml', '7895000327874', '3.89'),
(170, 2, 3, 'Óleo Soja Sinhá 900ml', '7892300030060', '3.99'),
(171, 2, 3, 'Óleo de Soja Corcovado 900ML', '7898247780068', '4.39'),
(173, 2, 3, 'óleo de soja refinado abc  900ml', '7896242200048', '4.29'),
(174, 2, 2, 'FARINHA DE TRIGO DONA BENTA 1K', '7896005202074', '4.79'),
(175, 2, 2, 'Farinha de Trigo Rosa Branca 1K', '7892020200194', '3.29'),
(176, 2, 2, 'FARINHA DE TRIGO BOA SORTE TRADICIONAL 1KG', '7891080000300', '4.25'),
(177, 2, 2, 'Farinha de Trigo Tulipa Branca 1K', '7892020000572', '3.29'),
(178, 2, 2, 'Farinha de Trigo Granfino 1 kg', '7896016501234', '3.35'),
(179, 2, 2, 'Sal Refinado CISNE  1kg', '7896035210001', '2.49'),
(180, 2, 2, 'SAL PEREIRA  1K', '7898084090726', '1.29'),
(181, 2, 2, 'Sal Marinho Kodilar 1kg', '7896256040302', '1.89'),
(182, 2, 2, 'SAL REFINADO MIRAMAR 1K', '7896110100012', '1.45'),
(183, 2, 2, 'Sal Refinado Polar  1K', '7896029313015', '1.20'),
(184, 2, 2, 'SAL REFINADO DUNORTE 1K', '7898124620012', '1.05'),
(185, 2, 2, 'SAL REFINADO ROSA ALIMENTOS 1K', '7896612400801', '1.10'),
(186, 2, 2, 'FARINHA DE MANDIOCA AMERELA 1K', '7897270139812', '4.99'),
(187, 2, 2, 'Farinha de Mandioca Torrada Granfino 1K', '7896016500985', '5.19'),
(188, 2, 2, 'Farinha de Mandioca da Roça 1K', '7898342920017', '6.90'),
(189, 2, 2, 'FARINHA DE MANDIOCA ROCHA 1K', '7896655401032', '2.99'),
(190, 2, 2, 'Açúcar Cristal  União 5K', '7891959009922', '12.04'),
(193, 2, 2, 'Fubá Sinhá 1Kg', '7892300001480', '3.45'),
(194, 2, 2, 'Achocolatado Em Pó Nescau 800G', '7891000284117', '11.99'),
(195, 2, 5, 'Achocolatado Chocolatto 3 Corações 300g', '7896005804391', '3.39'),
(196, 2, 5, 'Achocolatado em Pó Qualitá 400g', '7895000473021', '3.99'),
(197, 2, 5, 'Achocolatado  Mil  400Gr', '7897236905604', '3.59'),
(198, 2, 5, 'Biscoito Rosquinha Mabel  400G', '7896071004862', '4.89'),
(199, 2, 5, 'Farinha De Aveia Yoki 170G', '7891095028337', '3.29'),
(200, 2, 5, 'Farinha Aveia Quaker 165g', '7892840815783', '4.25'),
(201, 2, 2, 'Achocolatado  Anchieta 1,001k', '7896505600837', '7.98'),
(202, 2, 2, 'Café Caboclo 500g ', '7896089011470', '7.45'),
(203, 2, 2, 'Açúcar Refinado União 1k', '7891910000197', '2.69'),
(204, 2, 2, 'Açúcar Refinado Caravelas 1k', '7896894900013', '2.99'),
(205, 2, 2, 'Açúcar Refinado Neve 1k', '7891910004010', '2.49'),
(206, 2, 2, 'Açúcar Cristal Guarani 5kg', '7896109800039', '12.15'),
(207, 2, 2, 'Açúcar Cristal Mixçucar 5kg ', '7898994757917', '14.37'),
(208, 2, 2, 'Açúcar Cristal Vivaçúcar  5Kg', '7898994554516', '12.19'),
(209, 2, 2, 'Açúcar Cristal Bom Gosto 5K', '7898932776321', '8.98'),
(210, 2, 2, 'AÇÚCAR CRISTAL PAINEIRAS 2K', '7896034900101', '5.50'),
(211, 2, 2, 'Açúcar Cristal Caravelas 2k', '7896894900075', '4.69'),
(212, 2, 2, 'Açúcar Cristal Nutrisúcar 5k', '7898994146742', '12.96'),
(213, 2, 2, 'Canjiquinha Anchieta 1 Kg', '7896505600066', '2.55'),
(214, 2, 2, 'Canjiquinha  Granfino  1Kg', '7896016500084', '3.39'),
(215, 2, 2, 'Canjiquinha Pereira  1K', '7898084091778', '3.29'),
(216, 2, 2, 'Canjiquinha  Sinhá 1Kg', '7892300004016', '4.10'),
(217, 2, 2, 'Farinha De Mandioca Do Zé 1k', '7897702512374', '4.90'),
(223, 2, 3, 'Leite  Integral Glória 1 Litro', '7896183210007', '4.39'),
(224, 2, 3, 'Leite Integral Leco 1L', '7892999150124', '3.29'),
(226, 2, 3, 'Leite  Desnatado Godam  1L', '7898227280625', '3.49'),
(227, 2, 3, 'Leite  Macuco Integral 1L', '7896991770144', '3.29'),
(228, 2, 3, 'Leite Desnatado Macuco  1L', '7896991770151', '2.99'),
(229, 2, 3, 'Biscoito Aymoré Maizena 200G', '7896058204872', '2.39'),
(230, 2, 5, 'Biscoito Maizena  Triunfo 200G', '7896058204537', '2.42'),
(231, 2, 5, 'Biscoito de Maizena  Vitarella 400g', '7896213002619', '4.19'),
(232, 2, 3, 'Leite  Integral Italac 1L', '7898080640017', '3.39'),
(233, 2, 3, 'Leite Integral Itaocara 1L', '7896760000014', '3.29'),
(234, 2, 5, 'Amido de Milho Maizena 500G', '7894000010021', '8.99'),
(235, 2, 5, 'Amido de Milho Apti 500g', '7896327512363', '3.79'),
(236, 2, 5, 'Farinha Láctea  NESTLÉ Sachê 210g', '7891000099032', '6.49'),
(237, 2, 5, 'Neston Nestlé Sachê 210g', '7891000098950', '6.59'),
(238, 2, 5, 'Mucilon  Nestlé Sachê  230G', '7891000012123', '3.95'),
(239, 2, 5, 'Amido de Milho Apti Sachê 200g', '7896327502210', '1.69'),
(240, 2, 5, 'Amido De Milho Maiscerta 200G', '7896706300642', '1.49'),
(241, 2, 5, 'Fermento em Pó Royal 100g', '7622300119621', '2.89'),
(242, 2, 5, 'Cravo Da India Grao Mil 8Gr', '7897236901231', '1.85'),
(244, 2, 5, 'CANELA EM PÓ PEREIRA 30G', '7898084091792', '3.65'),
(245, 2, 5, 'GOIABADA ANCHIETA TB 300G', '7896505602619', '3.15'),
(246, 2, 7, 'Goiabada  Predilecta 600g', '7896292330092', '8.79'),
(247, 2, 7, 'Fermento Em Pó Dr. Oetker 100g', '7891048040003', '2.59'),
(248, 2, 5, 'aveia Flocos Finos Florescer e crescer 500g', '7898036144309', '5.00'),
(249, 2, 5, 'Lentilha Mil 500Gr', '7896020002086', '6.75'),
(250, 2, 5, 'Lentilha Granfino 500g', '7896016500213', '6.69'),
(251, 2, 5, 'Pimenta Do Reino Mil Em Po Preta 8Gr', '7897236901521', '1.89'),
(252, 2, 5, 'Canela Da China Casca Mil 8Gr', '7897236901088', '1.89'),
(253, 2, 2, 'Açúcar Cristal Mixçucar 2kg', '7898994757924', '4.19'),
(254, 2, 3, 'Óleo de soja Vila velha 900ml', '7896223709423', '2.97'),
(255, 2, 2, 'Açúcar cristal Pereira 2k', '7898084092027', '4.49'),
(256, 2, 5, 'Açucar Santa Izabel 5k', '7898187830052', '9.99'),
(257, 2, 5, 'Sal Marlim 1k', '7896101711012', '1.69'),
(258, 2, 5, 'Sal  Globo 1kg', '7896029310014', '2.19'),
(259, 2, 5, 'Sal Granfino  1k', '7896016502309', '1.87'),
(260, 2, 5, 'Sal Mestre Kuka 1k', '7898124620067', '1.87'),
(261, 2, 5, 'Sal Supersal 1KG', '7898002360061', '0.99'),
(262, 2, 5, 'sal Pássaro Branco 1k', '7898136400015', '1.85'),
(263, 2, 5, 'Sal Ita 1k', '7898124620098', '2.80'),
(264, 2, 5, 'Sal Refinado Norsal Pacote 1Kg', '7896110100029', '1.45'),
(265, 2, 5, 'Sal Refinado Master 1kg', '7898002360115', '1.38'),
(266, 2, 5, 'Sal Nobre 1k', '7896392200042', '1.99'),
(268, 2, 5, 'Sal Refinado Cisne (light) 500g', '7896035210087', '7.99'),
(269, 2, 5, 'Sal Grosso  Kitano 1k', '7891095010158', '3.79'),
(270, 2, 5, 'Sal grosso para churrasco Cisne 1kg.', '7896035210018', '3.79'),
(272, 2, 5, 'Farinha de Mandioca Torrada GRANFINO 500g', '7896016501005', '3.29'),
(273, 2, 5, 'Farinha de Mandioca Granfino 500g', '7896016501036', '3.59'),
(274, 2, 5, 'Farinha de Mandioca Rosa 1KG', '7896999100011', '3.30'),
(275, 2, 5, 'Farinha de Mandioca Dona Moura 1k', '7896655401209', '4.89'),
(276, 2, 5, 'Farinha De Mandioca  Anchieta 1k', '7896505600202', '3.25'),
(282, 2, 5, 'Canjiquinha Anchieta 500G', '7896505600172', '1.39'),
(283, 2, 5, 'Canjiquinha granfino 500g', '7896016500145', '1.65'),
(284, 2, 5, 'Farinha De Mandioca Rosa 500G', '7896999100233', '2.39'),
(285, 2, 5, 'Feijão Preto Pereira Pacote 1Kg', '7898084090016', '6.99'),
(286, 2, 5, 'Feijão Anchieta Preto 1kg', '7896505602411', '5.19'),
(287, 2, 5, 'Feijão Preto Grãos Brasil 1k', '7897154619843', '6.95'),
(289, 2, 5, 'Feijão Preto Máximo 1k', '7896401100097', '7.19'),
(290, 2, 5, 'Feijão Preto Malú 1kg', '7898007290059', '3.28'),
(291, 2, 5, 'Feijão Preto Copa 1k', '7898096590085', '2.99'),
(292, 2, 5, 'Feijao Preto Mil Tipo 1 1Kg', '7897236900159', '7.55'),
(294, 2, 5, 'Feijão Preto Saboroso 1k', '7897653600083', '6.59'),
(295, 2, 5, 'Arroz Ouro Branco  5Kg', '7897443800068', '18.90'),
(301, 2, 5, 'Arroz Tio João 5k', '7893500020158', '20.99'),
(302, 2, 5, 'Arroz Fino Gosto 5k', '7896272700372', '8.49'),
(304, 2, 5, 'Arroz Jonjão 5k', '7898006310048', '13.99'),
(305, 2, 5, 'Arroz Caçarola 5k', '7896393605037', '9.95'),
(308, 2, 3, 'Leite Integral Quatá 1L', '7896183202187', '4.29'),
(309, 2, 5, 'Macarrão Santa Amália Padre Nosso Sêmola Pacote 1Kg', '7896021300532', '4.99'),
(311, 2, 5, 'Fubá Mimoso Anchieta Pacote 500gr', '7896505600851', '1.29'),
(312, 2, 5, 'Fuba Sinha Pre Cozido Milho 1kg ', '7892300030633', '3.49'),
(313, 2, 5, 'Fubá Granfino de Milho 500g', '7896016500015', '1.99'),
(314, 2, 5, 'Fuba Mimoso Mil 1Kg', '7897236900968', '3.25'),
(315, 2, 5, 'Arroz Sepe Bianco 1k', '7896009863547', '4.19'),
(316, 2, 5, 'Arroz Ouro Branco 1k', '7897443800051', '3.29'),
(317, 2, 5, 'Arroz Rei Arthur Japonês 1Kg', '7896754600336', '4.10'),
(318, 2, 5, 'Arroz Rei Arthur  1Kg', '7896754600220', '4.10'),
(319, 2, 5, 'Arroz Fazenda Parboilizado 1k', '7896389600107', '3.35'),
(320, 2, 5, 'Arroz Ouro O Legítimo 1k', '7898101260804', '3.29'),
(321, 2, 5, 'Arroz Prato Fino 1k', '7896290300189', '3.99'),
(322, 2, 5, 'Café Pimpinela Golden 500G', '7896081800195', '9.98'),
(323, 2, 5, 'Café Pimpinela Tradicional 500G', '7896081800034', '9.79'),
(324, 2, 5, 'Café Pimpinela Tradicional 250G', '7896081800027', '5.25'),
(325, 2, 5, 'Café Melitta Tradicional 500G', '7891021005043', '10.19'),
(326, 2, 5, 'Café á Vácuo Extra forte 3 Corações 500G', '7896005801826', '9.79'),
(327, 2, 5, 'Café Cabloco tradicional á Vácuo 250g', '7896089012460', '4.98'),
(328, 2, 5, 'Café Porto novo 250G', '7896295700045', '3.99'),
(329, 2, 5, 'Café Bonjardinense 250G', '7897044002502', '3.99'),
(330, 2, 5, 'Café Pelé Extra Forte 250G', '7892222310257', '4.49'),
(331, 2, 5, 'Café Rei do Brasil 500G', '7898939165357', '9.49'),
(332, 2, 5, 'Café Caboclo Extra Forte 250G', '7896089016208', '4.45'),
(333, 2, 5, 'Arroz Sepé Bianco 5k', '7896009865657', '16.98'),
(334, 2, 5, 'Arroz Rei Arthur Parabolizado 5kg', '7896754600329', '14.99'),
(335, 2, 5, 'Arroz Gladiador 5kg', '7896754600503', '13.99'),
(336, 2, 5, 'Arroz Big Mil 5Kg', '7897236900036', '14.75'),
(337, 2, 6, 'Adoçante Zero Cal 100ml', '7896094910904', '6.55'),
(338, 2, 6, 'Milho Fugini 300g', '7897517209025', '2.85'),
(339, 2, 6, 'Sardinha Palmeira 125g', '7896117100350', '3.29'),
(340, 2, 7, 'Ervilha Pramesa 300g', '7898556010450', '1.49'),
(341, 2, 6, 'Extrato de Tomate Pramesa 340g', '7898920223608', '2.39'),
(342, 2, 6, 'Molho de Tomate Quero Tradicional 340g', '7896102509410', '1.59'),
(343, 2, 5, 'Farofa Pronta Anchieta 250g', '7896505600875', '2.99'),
(344, 2, 5, 'Leite em Pó Integral Pontual 400g', '7898914832212', '4.99'),
(345, 2, 6, 'Maionese Hellmanns 250g', '7894000050027', '4.56'),
(346, 2, 6, 'Maionese Hellmanns 500g', '7894000050034', '7.29'),
(347, 2, 5, 'Arroz Pereira 1k', '7898084090696', '4.39'),
(348, 2, 7, 'Leite em Pó Glória 400g', '7896183210038', '9.99'),
(349, 2, 5, 'Achocolatado em pó Pontual 400g', '7898914832816', '4.49'),
(350, 2, 5, 'Farinha de Trigo Dona Benta com Fermento 1k', '7896005232705', '5.69'),
(351, 2, 5, 'Macarrão Cadore Parafuso 500g', '7896010602111', '2.79'),
(352, 2, 5, 'Açúcar Cristal Euroçúcar 2kg', '7898994142324', '6.65'),
(353, 2, 5, 'Farinha de Trigo Buquê 1kg', '7896115400100', '1.99'),
(354, 2, 5, 'Macarrão Espaguente Cadore 1kg', '7896010604023', '4.39'),
(355, 2, 5, 'Farinha de Trigo Anchieta 1kg', '7896505600448', '3.29'),
(356, 2, 5, 'Farinha de Trigo Globo', '7896534400064', '3.30'),
(357, 2, 5, 'Macarrão Espaguete Santo Amália 1kg', '7896021300099', '5.59'),
(358, 2, 5, 'Farinha de Trigo Vigor Tradicional 1kg', '7891080147807', '4.19'),
(359, 2, 5, 'Açúcar Refinado Mixçucar 1kg', '7898994757900', '3.60'),
(360, 2, 5, 'Açúcar Refinado Energy 1kg', '7898947566177', '2.43'),
(361, 2, 5, 'Leite em Pó Aurora 400g', '7891164027681', '7.99'),
(362, 2, 6, 'Achocolatado Toddy 200g', '7894321711171', '3.84'),
(363, 2, 6, 'Achocolatado Nescau 200g', '7891000061190', '3.77'),
(364, 2, 5, 'Biscoito Maizena Renata 200g', '7896022205195', '2.37'),
(365, 2, 5, 'Biscoito Parati Leite 370g', '7896011102597', '4.39'),
(366, 2, 5, 'Biscoito Mabel Nata 400G', '7896071021692', '4.49'),
(367, 2, 5, 'Biscoito Marilan Maisena 400g', '7896003703078', '4.19'),
(368, 2, 5, 'Biscoito Marilan Cream Cracker 400g', '7896003703238', '3.99'),
(369, 2, 5, 'Biscoito de Maisena Predilleto 400g', '7898230897520', '3.25'),
(370, 2, 5, 'Biscoito Maisena Marilan Integral 400g', '7896003703382', '5.31'),
(371, 2, 5, 'Biscoito Rosquinha Rancheiro 400g', '7896253400307', '4.99'),
(372, 2, 5, 'Biscoito Marilan Manteiga 400g', '7896003703085', '3.99'),
(373, 2, 5, 'Biscoito Piraquê Maisena 200g', '7896024722676', '4.39'),
(374, 2, 5, 'Biscoito Marilan Maisena 200g', '7896003700800', '1.69'),
(375, 2, 5, 'Biscoito Mabel Leite 400g', '7896071001977', '4.39'),
(376, 2, 5, 'Biscoito Marilan Coco 400g', '7896003703047', '4.59'),
(377, 2, 5, 'Biscoito Marilan Leite 400g', '7896003703061', '5.20'),
(378, 2, 5, 'Biscoito Renata Leite 360g', '7896022205225', '3.58'),
(379, 2, 5, 'Biscoito Maisena Qualitá 370g', '7895000483006', '4.99'),
(380, 2, 5, 'Biscoito de Maisena Naga 1kg', '7897707400355', '7.80'),
(381, 2, 5, 'Biscoito Maisena Casaredo 400g', '7896408440325', '3.95'),
(382, 2, 5, 'Biscoito de Leite Qualitá 370g', '7895000483075', '3.95'),
(383, 2, 7, 'Sardinha com Óleo 88 125g', '7891167023017', '3.09'),
(384, 2, 5, 'Macarrão Espaguete Santa Felicidade 500g', '7896423702811', '1.89'),
(385, 2, 5, 'Farinha de Mandioca Rocha 1kg', '7896655401018', '3.29'),
(386, 2, 7, 'Salsicha Carioca 300g', '7896433641117', '3.20'),
(387, 2, 5, 'Arroz Bom Chef 5kg', '7897236905093', '13.99'),
(388, 2, 5, 'Açúcar Cristal Mil 1k', '7897236906175', '3.27'),
(389, 2, 5, 'Macarrão Espaguete Pinheiro 1kg', '7896020003168', '4.19'),
(390, 2, 5, 'Feijão Vermelho Copa 1kg', '7898096590153', '3.35'),
(391, 2, 5, 'Café Mil 250g', '7896121500016', '4.25'),
(392, 2, 5, 'Salsicha Anglo 300g', '7898430866999', '2.89'),
(393, 2, 7, 'Molho de Tomate Tarantella 340g', '7896036094976', '2.99'),
(394, 2, 5, 'Achocolatado Muky 400g', '7896072005080', '3.52'),
(395, 2, 5, 'Açúcar refinado Topçucar 1kg', '7898932776154', '1.89'),
(396, 2, 5, 'Biscoito Cream Cracker Galo 360g', '7896022207014', '4.19'),
(397, 2, 5, 'Macarrão Espaguete Mil 500g', '7896020000778', '2.99'),
(398, 2, 6, 'Caldo de galinha Anchieta 57g', '7896505602688', '1.55'),
(399, 2, 5, 'Amido de Milho Chinezinho 1kg', '7896046605582', '7.19'),
(400, 2, 5, 'Rosquinha de Nata Mabel 350g', '7896071025126', '4.78'),
(401, 2, 5, 'Biscoito Maria Parati 740g', '7896011103518', '7.19'),
(402, 2, 5, 'Biscoito Naga Leite 1kg', '7897707400294', '7.80'),
(403, 2, 5, 'Macarrão Semla Galo Retalho 5kg', '7896022201616', '15.47'),
(404, 2, 5, 'Macarrão Parati com Ovos Ninho Largo 500g', '7896011107028', '3.49'),
(405, 2, 5, 'Macarrão Don Sapore Parafuso 500g', '7896021314232', '2.29'),
(406, 2, 5, 'Macarrão Galo Pena 500g', '7896022200572', '3.39'),
(407, 2, 5, 'Macarrão Penne Parati 500g', '7896011107363', '3.79'),
(408, 2, 3, 'teste produto', '443242342', '23.00');

--
-- Extraindo dados da tabela `quadro_horario_funcionario`
--

INSERT INTO `quadro_horario_funcionario` (`id_quadro_horario`, `id_funcionario`, `escala`, `tipo`, `carga_horaria`, `entrada1`, `saida1`, `entrada2`, `saida2`, `total`, `dias_trabalhados`, `folga`) VALUES
(2, 4, '', '', '00:00', '', '', '', '', '00:00', '', ''),
(3, 5, '', '', '00:00', '', '', '', '', '00:00', '', ''),
(4, 6, '', '', '00:00', '', '', '', '', '00:00', '', '');


--
-- Extraindo dados da tabela `saida`
--

INSERT INTO `saida` (`id_saida`, `id_destino`, `id_almoxarifado`, `id_tipo`, `id_responsavel`, `data`, `hora`, `valor_total`) VALUES
(1, 2, 2, 1, 9, '2020-06-12', '14:27:00', '153.71'),
(2, 2, 2, 1, 9, '2020-06-12', '14:35:00', '123.61'),
(3, 2, 2, 1, 9, '2020-06-12', '14:39:00', '77.00'),
(4, 2, 2, 1, 9, '2020-06-12', '14:41:00', '187.60'),
(5, 2, 2, 1, 9, '2020-06-12', '14:43:00', '38.87'),
(6, 2, 2, 1, 9, '2020-06-12', '14:57:00', '27.90'),
(7, 2, 2, 1, 9, '2020-06-12', '15:33:00', '157.92'),
(8, 2, 2, 1, 9, '2020-06-12', '15:36:00', '24.68'),
(9, 2, 2, 1, 9, '2020-06-13', '13:18:00', '179.90'),
(10, 2, 2, 1, 9, '2020-06-13', '13:19:00', '90.74'),
(11, 2, 2, 1, 9, '2020-06-13', '13:20:00', '83.76'),
(12, 2, 2, 1, 9, '2020-06-13', '13:34:00', '50.65'),
(13, 2, 2, 1, 9, '2020-06-13', '13:40:00', '33.26'),
(14, 2, 2, 1, 9, '2020-06-13', '17:05:00', '3.78'),
(15, 2, 2, 1, 9, '2020-06-16', '08:55:00', '3.38'),
(16, 2, 2, 1, 9, '2020-06-16', '09:00:00', '11.45'),
(17, 2, 2, 1, 9, '2020-06-16', '09:02:00', '25.97'),
(18, 2, 2, 1, 9, '2020-06-16', '09:03:00', '19.47'),
(19, 2, 2, 1, 9, '2020-06-16', '09:17:00', '72.90'),
(20, 2, 2, 1, 9, '2020-06-16', '09:18:00', '14.58'),
(21, 2, 2, 1, 9, '2020-06-16', '09:24:00', '1.89'),
(22, 2, 2, 1, 9, '2020-06-16', '09:26:00', '4.90'),
(23, 2, 2, 1, 9, '2020-06-16', '09:27:00', '7.17'),
(24, 2, 2, 1, 9, '2020-06-16', '09:29:00', '4.78'),
(25, 2, 2, 1, 9, '2020-06-16', '09:33:00', '20.98'),
(26, 2, 2, 1, 9, '2020-06-16', '09:39:00', '77.09'),
(27, 2, 2, 1, 9, '2020-06-16', '09:48:00', '17.85'),
(28, 2, 2, 1, 9, '2020-06-16', '09:49:00', '11.64'),
(36, 2, 2, 1, 9, '2020-06-16', '10:18:00', '155.76'),
(37, 2, 2, 1, 9, '2020-06-16', '10:20:00', '75.36'),
(38, 2, 2, 1, 9, '2020-06-16', '10:21:00', '39.48'),
(39, 2, 2, 1, 9, '2020-06-16', '10:52:00', '401.38'),
(40, 2, 2, 1, 9, '2020-06-16', '10:53:00', '30.81'),
(41, 2, 2, 1, 9, '2020-06-16', '10:55:00', '16.14'),
(42, 2, 2, 1, 9, '2020-06-16', '11:01:00', '41.97'),
(43, 2, 2, 1, 9, '2020-06-16', '11:02:00', '94.50'),
(44, 2, 2, 1, 9, '2020-06-16', '11:17:00', '17.99');




INSERT INTO `tipo_entrada` (`id_tipo`, `descricao`) VALUES
(2, 'Doação'),
(3, 'Troca'),
(4, 'Compra');

--
-- Extraindo dados da tabela `tipo_saida`
--

INSERT INTO `tipo_saida` (`id_tipo`, `descricao`) VALUES
(1, 'Consumo'),
(2, 'Troca'),
(3, 'Vencido/Danificado');



COMMIT;
