-- phpMyAdmin SQL Dump
-- version 4.9.5
-- https://www.phpmyadmin.net/
--
-- Host: localhost
-- Tempo de geração: 18-Jun-2020 às 14:58
-- Versão do servidor: 10.3.22-MariaDB-0+deb10u1
-- versão do PHP: 7.3.14-1~deb10u1

SET SQL_MODE = "NO_AUTO_VALUE_ON_ZERO";
SET AUTOCOMMIT = 0;
START TRANSACTION;
SET time_zone = "+00:00";


/*!40101 SET @OLD_CHARACTER_SET_CLIENT=@@CHARACTER_SET_CLIENT */;
/*!40101 SET @OLD_CHARACTER_SET_RESULTS=@@CHARACTER_SET_RESULTS */;
/*!40101 SET @OLD_COLLATION_CONNECTION=@@COLLATION_CONNECTION */;
/*!40101 SET NAMES utf8mb4 */;

--
-- Banco de dados: `wegia`
--

--
-- Extraindo dados da tabela `almoxarifado`
--

INSERT INTO `almoxarifado` (`id_almoxarifado`, `descricao_almoxarifado`) VALUES
(2, 'COZINHA');

--
-- Extraindo dados da tabela `anexo`
--

INSERT INTO `anexo` (`id_anexo`, `id_despacho`, `anexo`, `extensao`, `nome`) VALUES
(1, 2, 'iVBORw0KGgoAAAANSUhEUgAAA5YAAAESCAYAAAHxsnoPAAAACXBIWXMAAA7EAAAOxAGVKw4bAABubElEQVR4nO3dB1wT5xsH8PcyCEM27oWICoqzKu5R96x71r136/jX2ta9ta1ad7XuUUfde++9t6IigqLsnZDk7p83EAwIJJBxAX7fz+fIzfee3N2bJy+XuxNxHEcgdxDxHQAYT7o78xsrJvxOIueiPS723pKK+ar+8Eh7nE3H7afLHu79zQM55xzKEclQN+GTfeGkNMcpmawGUt2KCbudyLkqn8z2Elb49fnGz1z5g96ig2nLSyREoAqaExAZOdinwNL2W6LG0nW7MaoRJvbzLXmreTXEx2g/wwg5Sau/L0qPDmxI1+816Nj20H9adTZ1DJlJtTM/cMSmCEMSvve1uZh2xrQ7UuOhgjgxjIgLYRXW/4UpPembzE4gfevYXqCvQq/ub+hru/zM6/7plHdLSvLHSjnrZjHb2eysxxDza1odncFxQitCWCIsqtCeFnn5dGVCWpk7pFRS7Uy6I+nrj5fiO+izcMK+Xk0J6ZVqXHZqJTX2fFwndY+wTCJ9cU2uaWnLq2tNPhFr1SinAaT9lgFj6Thz1MqkWLiUWDhFgFjTT9evePm7pzliyAxyZi6CnZmLpNqZXSf9/doYhe5eNKS0McoxJ2O992Fd6v/S1NdrpzHKyqpUO1NuX9rD0ALlYX5h2Vnu2stoozV4a5d1yHLejop971GtwjmD1735kHiKRexMyNmwMy2MdFWLbH1CNbnRDDvTktTtv5g745u9Zc/4nsLONJW5/z7cc+Xp5875bMQRsQlyZ13zH5nRNFvtc23YmSYypXulLvdehzerWtrllLnWabKd2WbaaS6zo83vQ/Q3wREJHu8+x1Xo3dhjuinWb+wys8rQHWndpgUhJcYTjiVEtkbVzxQjhAv88pqGyXZmMTe755lN9yzicId29SqQ3aZYf1Y/tpqPuMj7zv9KiR/VLzQwYeNVRHl+Tqazm2xnrhlT29tUZecV0lUt05+QTq2kkDNNKCsf9evG1TX4H/XYmSZkjG+oWWGSnfkmOKbKhUefeuiaLyouMf+pex8GmuJNW8IXoKy6snEi03WS4+sPIVFZ/rcqXdYkO9OjkP192ukz7w8dyg8yRQw59QuQIScp8DGbi2Bn5iLYmbmIxezM7JyDNKa4BAdy61FTg8spmt8IwWRTqp25f+q3Rtig3xpehAGWLVv2mlUqPPr17ZJq/KbNe4hAKHozduzYdL9g0G+DZgnQhCymZhrDjBkzuLGjB6Q7LXnnely6eJqr38C87T9zyVU7s2WLRkSpVBKhUJjhPLa21maMyLxy1c4sW6aUznk8SpUwQyT8yFU7M6/LtTtzRwRHejrnytSYIYvcmc8Do2pdexbSoXQh+/sNKhbcueGU33w6fkAzz8mBoXFep+597F/Qydq/dY1iq+k0Oj5tGXltR1IWuTO9ijlep51mWHtn0ZPe2sPp7ci8yiJ3ZnYtW76BZNQ00Z5n2rRpZorIvHLVzlTtJPVn67p1664HBQWl+tGim5vb81GjRnnn1h1JiXAZfO6Rq2pmXqfemQKG4T6va9mtwODju9jkC0qvTCjzW70/g2ZwbLzgYB/HZcz88JV//Pe+27kx7jPp/Jr5FteRHJp4Nbq95pJ0QwNiCWG0L3Gn43x+u/vXXP/GXPt/jkxWvjxfQnOZfP8CzFNCZKo4JJwmJuvW/1yQHRvSILsX/WrQ8saVEt5qXNfuuiaOkqPPbXm/4tvvWa2LbjXrN2RdxpJSM90GLD9ABn/5TdGCTW/6qzZPStDti4mfCT2G+ZMxq2Zqximfzy876Vpi24nJw2M9RTeX+SlqGhLQqUiuhOYS96/KE1WUCb0Kplwmn1EZAmKcK+S/bVDgCqeMU/9vkFHtXPWrUUo2DfXO1Bxp2kfcwVBlytkFemRyW0hKrdPMJ/Sa/JLjJjOaedobIaAWTsw7zSXumvIez6o2hpCopAGho5K+uKZc+p5UKzQx0RtGEDLQ4DhS177Ul8CnZhm1kkLOzEWwM3ORlJ15+sbzHmv2XMr89+96yImXwFO54RYAKTtzzd4r8+T2pd35CsRYl8Gv2vzfo82z+1fK6nKlS242+BYASYYYp5hswMdsLoKdaUGSrpzO3lWA1iNOmOYX7ZA92d2RFD0QsDNNhF7rkt/ROiAkSqrX71QMvd7Gw5kJw840EXNfAUaZZGcGhMSVP3orcPjw1uXS/V9tWLSs6PvQOO/g8ASPVx+jvxnTznuYMdef1SvA+Njwuog6HSGK/9qo+61qNyCJ1y7SvEhvLaN+pWh/Co4VmmRnlshv9/TY7aBhGe1MVwdJEO2IqjHQkhQ1+votcedkleLsP4TYqD6hEwKI4sUzYj18i85lTPYxe2DqtxJTlZ0nRO5N6WXDQ4h0dZ+U4VQ1Ugtyponw8VGPnWki5v6ofxPJOJlkZ2p+GqnLnsv+P+34qWF+B1txqLFjyErNODy9qcDY688O2vCn7cXsLGuyy+D1/fnjlaefuphiR1I59UuQIVej8foxa4zbpcAXyJm5CHZmLmIxO9NYl8HXnt0/W8sZ4xJ4vqXszN0LB+m+uNEMdN0NU5eMrp5Oviwhw3LPrMl4Wk5hMTXTGCLCAjK8DJ6Op9OdXUvk+J2WEYvbmYbUSl0XDuXmi4Yoi9uZhtB1BZiu6Tmdxe1MQ3NmXmZxO9NQ0+8qyPRqIuJSqDFxYN8S/8/+fIdkNha3M2mt1L7sXXO70+Juts+bVi2yUXvap8gE96O3goan/fehq1tJ1TvzILO65a1/MFnczqS0d07a251qTyvoZOOfdkfSWjk99J1Z4rQ0FrkzIXty1c7UtCHpPw7oq5OjY3RkVJQD7c/sHwa5BS6DB7BAqT5l6ZXfSVcHCwnHKhjtq93Vo5MvHh69y2/wX11LryckQTXKVn2V8vVQZfFPPzj/j15zq3i3p/ja6NYlmzz5n5tXzxX76HR6rap2efRB8upHVnNhQoFtpyg24UI+ekV5KCexutrXcdGujm8ebu3kuo4+P9zQK9qzSrMdyvdctu/J9jGdytsLQp/Fcq5C1xoRitCbLvSuANrxNZGwwWdkpJBm+QPfO/z13dboMZr3TV/TK+PLXQOS3rfm0dkp+yF5ec12b7n0/rRjYyvPJDzTxMeICstZ+Qcr+l4071fJcQKBKmztfZ32/dBXzXsixEo1Llo1i7X6OIrnOJGNqhhzvydLk+7XH8a6kDTtOPXG1VRS2UF7BSktsCk/65n2xeEH6bKMQDWKZUYSWeBt7+XOXI/lqSqVZodYd9h2hr6KKy19zCacs18bxFYeWpQ81MxHD/pGS19PN8J7zJK0H0b0oHsaw7pphr1/vrVqASFy7fhOS7nC9JXeRoNesE+XUZfl7BuZWRlZje3w2Mqzsvu+TOHHAzf7px1HK+XeXvlX0G1oI2CUCSynviOE5jiRMAwrU1XelAUkjeO0l0elTJJuxWzfb9Q2Tb+mItENu/7X/lNHrzg1ISEiyJEuKH86t1zPptWOXwnOVzLg8UXvpPmSbk/CCOxYmnVLF3T4WLXrlIN7lk8epimHvtKMKVSVrUwebranYTUy7uRD7TjOjys9nfmBmPUcBz2g9v85flT3aVsWxEWHONCsJn1/sWg+9yYB1z8mlHo2r8aIg33IMl3xcSnZQqCq6CyTXhlftq1UkF/AqD8MR56VdU1blqTV+ovqu24oX0j8mXIidwGJSzuPuWneX76mKy9vL0zuasbLSKyo0IaQGbSfVkqB43fhtF8gFLFjZq2bkapSqhc4aUdfQljOmn5jWFTb5vCkawltzfZGLFSqipn2VilphwfN3jhz0GyS6qvUjtN3Ux4jp31DJ1op6evrT9GF0ytP/TWW9Eopp9S4CxvoK905qcox89dYqsOPf6yQqTrNsHXxBkEKpTzlPuEZxZd0e5vU09nkD6r0ytC+FY/2N48VabZ70q1wVITlZO5Ec7sc/mjvx9jTI+upPk6I9nupKyGfU+aNOuCSXhlpb8Oj+RqPSpkkV/0nDyC3QMUEsEDpVsyu/1v/Vp6vlLuZY0mXPMwv7MjSoW665zSOrpP+fmuudelrWJf6Pzf19dppjnU1HzGVq1bhnDlWpZcPwYOydXeunA4ZM43xQ7q78x1DWqs2/zfFXBUTLAMqJkAmsnsBe3ZprrFGxQRIh+ZWlGd8dc9rTNJVp7gmN5qhYkLOlJsvRMKdLCFH0tzXKTgiwSOftSgin404gu+YjA0VM4ehd3wdsfzakwNTm1iJhEyWf9aXG/CdKekdY0WyZUR65ETKnWIFNVcSq2+SnpXBnu1MEl86Eevh65OXkBPp6uFawxnfvzJlHaYK3thiE+TO3edfCDekDHtbcZibg3Wgo604hH7K5rMRRdjbiMPdHCSBbWsWX6G7BP7N2vFgP31NSFTY09h5DgeSsTdHEoXgByKq2ooIGs4j5OUC9fiUCsgU+zJzzOXMCzPVrZ9NgVYkvj8pLcHfY+uU5TuGvI7eX12R3K+d+RTXl6g7ks40wgXqzJLackzFBDAVTZvVkj74UTEBLIzJ7sieU3ScfTZ+36/f2vIdB596L7oYHBmbWJBuByuxIIHvePiQXqakJ/rr9ifZfqxedtFzmCa7u74paG7LZazy4mUKh0Q5a0O/xhyc1kQsFDAK3UvlPrRSehZxuJNXK2Vmkn6FM9G86xyR9JpjKmbaW6wZw6i2XiONWV5OZEntKvgix1RMgLwEFRPAAqFipjFvpeVdXeWUz4rvEMDMMqyY4e+fmDOODCnlMldzru/gkqEW3+ZatmzZ67Tjxo4dW9oYZZ9cNdPi339ekG7FtJTHf1kKPq5kuH379vAjR46sSu/5OX16d/hqHH0CVtpxq9ZsIXK5Ik/cuTy3wVdZC5VRpcyKEcP6qJ9yBjkPKqYe+DiloF0pNZXL0cGelCtXmtTyrfrV/K9fvyOXr9wiUdEx6uFRI/oSoVCY659Yl1uhYuqB74ty9alcpUuXVHeQO6Bi5gCaJ0W6uZUkoaHv1E+MDA8+RxqWdCcX3vnzHR6YACqmHizl1zG0Uh7ReqrMhdcn1A/6EGa4BORUqJh6eh4YVevas5AOmuHShezvN6hYUH3SM+3veDWP2aX9gaFxXqfufeyvmVbQydq/dY1iq2m/5tG7tD/tU1u10Wyp0caaqLOlmqgcKmUuhYqpJ69ijtdpl960zH7HW8zN7nlGlS69xyhrvHz1lpQtg7NWeRUqpoXyrdWQ+fPPPwOio6OLjx7ZjwgEAt0LadH8JxfnMHMmPFEawMIgWwJYGFRKAAujVSllDMNYs7TvWhRbtJZD4sdQTmKleYjovdW9+1UbsX0jIUzKk6Jr5Re/vxGqKMYI7FlWGS20bv3PBfpgVc2Tk9WPhFfNV77nsn1Ptg/trClvV1ebtd12JwylZWg/Tl3Tz6Q8Sj5SkEiciBUhrLk2yIudozt49Vyxj/arY+CihYzAUX1HAynHiSSEKNPGJ2GYlEeSS5qvuSw7Oawe7W+59P60Y2Mrz0yvDM22SrsNtPdD4+Xvf/vheoUC322NHpMSD+++xBevei82ydsjaZqVKkaZapuFCQW2naLYhAv5tOev2PP3fQ+3j+9EH3eveU9KjhOIGIalBTCiwnJW/iHPXz6TKlNqHq8tsO8RwcZsSvXk37EJM0tz3LakypOvbZT8Zh3fqyHyEgLVsaI9n6ZCVrdiwlI/gVqW7gH1083E1iVHn9vybnnjPppxdj32Hm2/8cP4g/1tlxj8DrNoeMjEShy3PCVWRlhArqkMqoOHU6j608ZHp08pL74496m8AR22bi1SVziGEXJkrHJmemVkFoNmP9D+g9fJMvWy8su2iarNa84PKF3xuQ08tjf0n1adUx49n6yylVvowhpW59LOz0XucY1PPubSfsDQ4R89RDfN9y4sV6pKmV/AqE9VXwtVlqB3iv5Cxvw5pvQSzRAXd8LhyLxLI9tvmTJWe3nlqzUem1/LqtH+u3Ly1eO8NeVT3QgZurdX/hXztoeMWuL77WGynOujPa/LL8UHkP5hS9KWYVoyZtEI9+XaY0Re419p+ns5Mn6a/szikx0b1IBhBtHKJ8isjIxottPfn9iKBVSvNBMJnH0jleHXnbP6jkxBE5+mYmneL5G0iOOkx/M99foteOLV6e3XBrGVhxYlDzXLMU6dwneFc+XogaHJrpoy6PD4I+978/B2LE66mTLp65lU6//wEq5W2eF3FW9Wu9Mht+7bjrTfVH3CyUiuZHMn5p1mLmGZYW+av5rkdMbhz1JLGtruS7syTfn06ysd7rIjdCTZwajvr0OzgPa8G4OUFb+ZeeHPa1MbTjDi+9VB9T7LjbijeL0q5USh8tm8soTMVfdviWI8N+sRnyZzCFXbUfX1jMmojIykypRE8zU6SnhFSgrWtSafjPBGDaKJT1R2gp/i5e+e2plS+Xx+WcXjWV4MM4ulvz0aysWl7Nd7M33H9Z96a0nKe9JChw/1L/Inaf1hu5nfjsX5KlNK7FzilepPeFnKJ+LIs7KutEIWcpBEdpi8aUnIzh5t6fgm7KNoa3FV+eabwQ26VXW7RscVaLHkXMlN3bq5HY0btv/P8aO6T9uyIC46xEGU5msuIbGCy1KuYF0J+UyHBI7ffXVL/1Z7mlUhUxNN884zQCtk6YIOH6t2nXJwz/LJw+hX8JY1ylx/Jy6v+qRSpjqQdMWnVDy39meJXXplpGQXQVEFHfElc0gFmu3u0v/wvg2EBKoLYxyV9W0EwWxye94SzHNd+ZyQ37+8F8KoPlm5lAr3dmlD9S/s6fspVMrnXdCbRykfdpr3S9vYmnHtNn74MV/TlZdjT4+sZ+73Ykm0KqWES/3pJfnq0yw4WuakPSx0qRghlSvEmmHNp6Vnv1276GvlH/9YIVN1mvI0n/6af/JoKiTFRh1I+bobu6NTG/o6+2FiY4PeXTa9/hRdWHv4+K1XtbSH04tP056kUtpXwnIyd5L0ntOWkdk/bVJPi0rps4wKKeE0+3HStQT1h3NG76XUuAsb0pvefkvUWG4LSWn6aP/vIa9XSAqnRAAsDColgIVBpQSwMKiUABYGlRLAwqRbKbtO+vur+4/yZViX+r809fWyvLsp50KnbzzvsWbPpTl8x6Ft96IhRrnvbU6SbqX8HJXo4VzM29yxpGvzoetTzFUpv/9lw1NZosLGHOvKCtWBaZarnum2Ll1ys4c51qWPu094OSPGO3x91fI2KMx78ZShfIeRypL1e2P4jgHMC5USwMKgUgJYGFRKgAwcvfy4/5x1x832XIhSRd2ebJ3T3weVEiAddfsv5gYW8yNnfN+abZ3nwgpVqDcglEWlBMhA76Lmq5BUY9dgIucYBpUSIB1nfE/xst7mbh/RpoScZ+Gex9s/RSSU+n1Ijdp8x2IKqJSQo9Ano2n6ey28+DkqLjG/scq2lGfIoFJCjtLim6LrTtwJGjykZdkf65YvsNfNwTqQYdLe1SJnQ6WEHGVse+8htOM7DlPKcZUyKCy+bFFX25d8x8EXzdc3S/mqlRdZjzhBpKtaEFJoKLHu0JRIV3dTj9Og0zIbVh7qQOSBCRmWn6MqpSEHZGyC3DlWqnCmr2ExsiIRMYmFY6Vy55gE1TjV65h23sOMH7HxvP0UW2n0yusPNMPabStjQCU3nLqiapGphrk0w8KeR4mwhAchgU8yLCfHVMq208+k3IU8OwdkPhtxRD5rUQR9tbcRhdO2iKOd1WdVf0RhZ5s3xo3W+EoVzPeQVhxkSsskXd2RSAYfJYxY+FXl1JAkZ0vpjowrJJVjKuXh6U3Uz0qlB2VePiDz8nu3JMKCBYjou06Ee/aLeljSdhiR/dOJWA87kOEyNFOSiouI9fC9qkrcOcP5ckyl1MBBCXzTZELlmpYp42SH/kw1LW22TBl+NIlIH2Vefo6rlAC5HSol5GkP3oZ/O2Xj3TMLB1WvX6GE02W+46FQKSFHWXn4+cojtwJHGLvc/62/fYm+WkLzCJUScpSRbb1G0s5Y5T18G9H45413zk7oVKHvt5ULbzFWuYZApczjOI4+ayd3/UwtKyqVcj6XXnZscqMZL1eKnAgpkncr5cm7HwY1qVJ4k1DAKPiOhU9tp59m6TY4OK2JWPfcecvhz8VI2wKBZlvfubBCZNHbClyOqZQbTvnNN2Z5kbGJBZceeLqO9ltCO0Ifuy/5T9542m+esctVspyox/wLYVaEBBm77JzqysaJDL0PbpNVh3eYa52/DG454PKvPhtzTKU0tlKF8qmfMGwlFmT8I0QL07W++3zaGas8luWE7WacUWg+lPr++vahrmXyEnq/YT5uBJ5jKuWAZp6TjVnevdfhzXJKhjQVgYBR5vVtYIlyTKU0tqqlXfi53wOADnm2UgJYKlRKAAuDSglgYVApASwMKiWAhUGlTGPeSst6Pm1YZLQ93zGAeaFSaqG/4uA7Br7detSU7xBSSGV2fIfAi3QrpSIxgYS/z/w+IubiUBCJQtv+/fs3BQQE1NMe5+joGNCvXz+DH3u8eXb/SoaWAYZLt1IiY6TG132BoqKiSixZsuQd7S9UMD/p1rUtaVi/mmqoWtpZPSLCArjDR86QN28D1CN69erVtkyZMkfMGzEYA76+WqgZM2ZwY0cPILTTV9s2TbQHD6vKINOmTcMHbA6DSmmBNBXSULQMWhYqZs6CSglgYVAp9cBHe3LZ8qSnemc3Y27Z9h+JiIgyZkhgJqiUFkpTGf/ddYh8+hyq7nd0sCf9+nZJd/5Nm/eQqOgYdb+zsyPp07uTul9TuSHnQKW0cN27tdNrvowqK+Q8qJR6yOuPSgDzQqUEsDColBaud9GSZFvQO3J731JypGB/Ms3nLCEOHQlRRJL6f3wkl/7nzXeIYGSolDlE9Y7jyKCCJcm0V0vUw8EvH5J5w+rzGxSYBCqlHiylPRmndcvkQuUbkAr5y5CwkFf8BQQmgUqpp7T3ndW+u54xpum6W9+9fX+QCefoU+WPfhkp8dI7fsg5UCktHG1PUlU7jidV1X0dU6aFBR7iJSYwLVRKPWWWyUwxDfIuVEoAC4NKaYE6d+7cc9nyDTsMvVLk5q37XLt27YYZKSwwE1RKC+Tj47OTdvSyKxdnJ/J97466F9Kye+9R9uPHT4KpU6eKGYZRmihMMBFUSgumfR3ksmXLXkdERHhohp0cHaPpa2RUlINmnLOz85vhw4dXHjp0eKx5IwVjEnFcnn1eKAAAgF7wDRYAAEAHJEsAAAAdMkiWMkbAWLOfWc7ajSEyOmZX9wKre93o2VLhv9Q9vekasRfH17JvtOzag1hF/kq2RH2XGS78oovItWHYgifyBhPLiy7RcRWtBeFhTZfe/XB4jNYN8+MFEzd9Hry4n/vag30cl3UL+7Oy9OjAhtIX/5Sx9Rr8couftFrv0lb34q5OrpGv3uKb96LkharYM580S7/c/VM7z64LDgtUIaUX366uNmv7KdZ7JOzrlbLOd8sb9/X8q9pvzKs/PG4mcm5VRCQivW1A4+n+tm4j6bVb5VlliJhRvS1CIgUM46qUcUqhFSGsgfvCIune1oTzthJERjZbeufjkTEpd6D9tbbT8bmPK9ZhYy6pz91kZftNKS++eLDzjQePZ1UboxmnfTzQYdm9qZWsq81/oOASBUJ1WYToG4d2OV9kfExnPk2/2PK2r7dfZTETIZz66J+7v/lMoMMZ75cv9K2rSePiBJ4S+4iwBssfRJwa2UD3OnTHCHmbXi3LsNdXSo3ZE9K/564pYzKfU844Nfzz2nEZV6SSVVKipBiXBuGKkPWFBPltg8erPkCu/OA+7anTYKkyVaKkbFmaKDVDyud/lWGYIdy5UIU7yw1kNOtwrLvg5gnVOqpYkU/aS5ftukBzCYV+10JKz+dzH3N5k5w7JxS8KV5SKHELYZWhyR/kXxMWH/ye3T+gqUDgoFCy0SKBXivJyXRv60s/uE9/6TwoQamVoKjZ1yJb3rVmguos9pt9daLnr3ScsbafLDLAsWunBTuERbp90CSjrMRhSunFBtpY5vZ/c9o9UhCn3cMqrNU9f7Is1lVC7Fg/WaKTmBEr90lHluhoTQJMHiPkanolS9fSdd9+fLOqnLBUqbeb2Ph1GX/IiWiB7KMA1r2Fp+Cj9hTF0wclCWPP0pZIaS/Pl2zEUydd6xV6jXkVstm/o7Ob0H9/oLz8d0WFz9TrYAj7OJAt0dwj9TqyhmXy2TaOnHZf3pTGTDx+eLui0ZR9khrz7ife+rlyRksxbl0/c5EObozAVilnP4izv/6cQPe2Ll3O8xUb8cQxvWlPFcSxYbmiqe6UYIztJ3EqEfWdj8Od436Fa2U3DlNJLzbQJuCqf9fnOEOmkUL2jJ43D89eXSVctECpOuTcRSSLv0LNToyQ2+mVLKUR75wGtZm0mxEWkwuSvsll0HJjOCkXI3YWCqWzvLu9vXHq76YFlf5s7wa1Th4PcC6byIapPxyLDD+9/YGsuS3DCLjxK/ZPmDGk7YpY/9vFJvfrsO5l50tXrk4ondICcKo38wbHzWTe7x3Yhumy6enVSEUxKRsvKigUJfxWqmXwueMbW1YravXu+Pal3bsMmbsunpWJ9WmxTCprdcWq0/ZT0yuLzmjGjTwT3/V3ERM78MiYvv+0EW/JcGGHFhFc/GkHAeOsUFUsfTZhDqXanzq2dZERp7fdDK/vyjBCbsbWs4N/6lZz64VN03q2HLJow3frX03c1M5m01fFGmH7DToU0lfQzmmz5BvHh7I7v1bKVhwmkjY2c603xxC6JyrZQLFAIJA/lLPOPiISmdnsWaurHPPx1Z3SM4Z3Xbbm7LtWu94pKlYVkXBTxwi5XwbJUsKxHJeSEK2dS0ZuexxTc1sG01PLx0YoOasvw5XI0TfxFdLOVWncyXXcOLIuZakyNV9vvPoh5RHF7bdEjZVqzV+88z9HOO6f5HXakE9K1lq7vLaDpm2Uqrrk+Eh68XXbnTC0W3L/opeKOovSif61gsun6dcug8aT6uupdZ3YjLdBbmLDZb6tCanxy6Vl3C9kmWa4+eCFG1lVp71MVrbf3KfyBnPTjEt7PFADDkX21b42XN840paTJLNjOrNp+sWWt6Wz/ZgiCpZjU9Wv9PdLVusqQwqXqe63+szb1qvTzJ/ZOvSJEfI2/BoWAABAByRLAAAAHZAsAQAAdECyBAAA0AHJEgAAQAckSwAAAB30TpZd/7f+7YfPEe5CscSU8eQ4SrmMlC7m9mjz7P64ng5ylb6/bnz4OjC0orUkju9QLJJUZoe6n4dkqWUpsrIhzsW8TRVLjiQP8wvjOwZTqdt/Mefq5KB7xjwuLDI6135o2tlEk2oVzvEdhkW6+4ReFu7GdxhgJvg3LGTq55E9+A7B4i1ZvzeG7xgAwLSQLAEAAHRAsgQAANAByRIAALKE/p5B0z+q5AvSqVAWnoBm4c6FFSLr33uSjzIb9fCVjRPV9wdGsgQAAL0cu/yk3+x1xzb+6vmINHYN5jsck6DvS/u91e2f9MxUJEsAANBLbk+U6Tnje4o0udEMyRIAwFxiEuQu9jbirD9f04LkpUSp4eHMhCFZAgCYUGRcYoHeCy9+0gzXKOt2ZHrvKm35iCU2Qe4sk7O2ciUrof3qcVKFapzSRq5grWMTFMnj5M5d6rkv4CNGS4VkCQBgAm+CY6qMWXXjXtrxt16Gtmkz7TSX3jKmls9GHMEwhLWTiKJsJKIYoYBR5LMW0XGcnbU40lYijBGox4kj+IjPkiFZAgCYgEch+/tHZjRV/5JSyXKi7vPPhyfIlPY0MR2e3lTAd3yQNUiWAGYwYd2tq7P7VmtuYyWM5TsWMD/agtszpXGevXekqNMRIiqoSjcBfxDpkRNJIwsNJdYdOxPCRRHp6m4p8zJF2xBxwz5EYG9LuOgPhA26RZS3NhA2gVVNLEash69PZw1yIl3V9uvpnIJwYU+J4vwcogyJNOw9GLQ06EQ/JJ+/j6rtYi/5sGVi/aJ8xwPm8+PamzdfBkXX0Ay/+RhTtUwRh9tWYkFCevNzHGHipHKnhERlPlVLREzPKXGEjlMkjVOyYu1zStJEpZ1cyVnRfvU41TSZehxrRc9DJY2j56iUtqr5Us5R6aJpDQGYm2T4CaJqeZPEtS0Iq0weKSxARCVtCfsm9fdM2aoWJLP/ZWumi3oeJeIu/xLxhxVEeuBgdkNjkCxN4Ic1N2+9+hBdXXtceIysCF/nKbICH5TGsf9awA/aiZJae/zln34for/JbDl6Tom2QlQt0Bg7a1EkwzAcPaekHicR0XFR9JwTPaekGqe0txFFFHSy9hcwDJtP1S9QjbOViKJpJ2CIkpanmqYaJ0wap5pu2ncOkH2JJ04QScsWxGroiZRxXNgVIts186t5JSO+zEPiDhPp5r8yni57ZUiiVAXBCpAsTWDJsJo1Dt14P2b10RfLNOOaVS2y4YcO5QfyGReYT4faJZbQjvZ/DE8oPXjpFb8S+e2eLh1Ws7qORQFyHS5WQQj9N6xDkZRxjKafC/ky39s/iHTVH18WFFUl1kPmE+sRR1XjW6cqU7+WpUi17BFV5ixDrMoXJIlPP2WyROaQLE2knW/xv2hH+z9FJrgXdLLx5zkk4ElhF5vXaLFDXqY8+R0h9f8iYp8equSl9SSj6KtEum1GyqDV4ONEIE5bVTgi39ruqzJTtRxV80hXtUxnzQp1kqXJVtBwMxHHdyJy/+w9nxXJ0gyQKAEgr1NeGqPqMp8ncV16CU8LF6hKfi2yOF2Z+TJ6QrIEAMjj/r349pdbL0NbLx5coy7fsVgqJEsAgDzsSUBkPbFQIHv2PqqO5keIrg6SoM0T6hfjOzZLgmQJAGBCKw8/X3nkVuAIvuPITPNqRVJdvEjvYUtvpEB/hc1XTJYGyRIAwIRGtvUaSTu+48jM4v+ebKE/RFs3rq6nrnlPhhYmzd0+miMsi/EmknFCsgTIwzrMOiuVK1jJwOZl/te5bslFfMcD/JjYqUIffeabMaJtz2mryA4xw+WZp4/Qx3NRSJZ5TEy83LXHgguhmuGOdUr8MbhF2Ql8xpRbPfKPaHT7VZiOn/fx53lgVC2aKGn/PydfLaQd7W9SpfCm8R0r9Oc1OLBITX29dtJu/7kHw5psOrWajvPKF0VWVLjJd2hGs+ODO1n3vkzK8JWNE9XXsiBZGtn5h8G9Fu19vI3vOPS172rAeNrR/p+7V+par3yBPXzHBObhVczxejE32xfHbwcN1Yyb2adqq288XY/zGRdYvg6NK6+hHd9xmMKA5C4tJEsja1Sp0Hba8R1HRqLiEvP3Wnjxs2Z4QqcKfb+tXHgLnzHlVhXdnc/Tju84MsOynLBbffd5uBYYIHNIlnmMo51VCO4mAxr0XrFIlAC6IVkCAADogGQJAACgA5IlAACADkiWAAAAOiBZAgAA6IBkCQAAoAOSJWSoVFG3J3/8/a8N33HkBH3b1Z/LdwwAYDpIlpChrXP6+/AdA/Cnb7tac9fskc95/a4v36FYJMd8SduI7zjAPPROlsM61/15zZ5Lc0jMa1PGk+OIrRhUGBXNc/Dy8g0P9u7duz0oKLBuRERkibTTHB3sdS4fFR3z1ThnZ+e3+fLl+zBw4MB6xolSf5r7gJp7vQCWSO9kiYoD8MWsWbMULMsKab+LixPp1eM78m2jGqqhGsZeVSnaRYQFcLv3HiEfP6bcqZBMnTpVxDCM0tgrBICv4d+wAHp6/PhxD1XrcUejhrXJ6JH9zL7+rp3bpBq+eOGU4vyFa6RZs2b/q1OnDh6vBWBCSJYAeqKJsmGDWqRSRS++Q1GjcdBu2fINC5EsAUwLyRKMIq+cq7xw8bq6Gzs6vYf4mJcqSfIdAkCegWQJkAWaJPkuIIgcOHgyZbxHqRKkbZsmJlvvpcs3yb37T1KGa/lWTYkFSRPA9JAsAbKhZImi6bYuZbJEsmvPYcIqWcJyHImJic1W+Zpfz7ZRJWA3V2dSv15NdQcA/ECyBKPApSNJJBIr0qd3J77DAAAjQ7IEAADQAckSwEC9i5Ykx2S0jyESO2fSoG03smrZz8RFmDxD9D7i4vFDUj/DEHu34qTvxLlk1qD6/AQMAFmGZAlgBGNPvibTq32pTlz4SeJSbiQJCfEj6pwp8iDhwedSpj9d1IoU7tKHfNzTy/zBAkCWIVmCUeT1c5VpMS7NSUOxnCx6oiCTi6tGKD+Sdu27q6fFhfqTB/5ysv9ed36DBAC9IVkCmIDi7UZyQW5P/qugqmLRqhHCwuTQwX+15yD53TzIs5B3xA1fMwAsHpIlGNWRW4EjVh5+vjKj6Y0qFdo+qbNP77Tjzz8M7rVo7+NtGS1Xo6zbkem9q7RNO/7Wy9A207fdP5zRchVKOF1eOKj6VycHnwRE1vvf+tuXvoo/my3kZc1Lk2WqV4HYmlRv0pls2TCXhIf0/zKD4g1xcSup7qXnNVv2GUtCQt9lZ1UAwAMkSzCqNjWKraJdVpejSZR2WV2OJtHsJDiaRI31r+NtQTqSnkNHEh7a0RirAgCeIFkCAADogGQJkAX01nKWcF9YjXv3n7CqFwHfcQDkdkiWAHqaNm0a8+zZs86qhLmHDtPbz1WtUsHscQQFBZO9+46p+5s3bz5JFdcfZg8CII9BsgTIAm9v7700aWqGT506tfDq1auTtOeh93WlD4Ru17Zpttdz8dIN8vbtey4qOibVedVy5cod7NGjx3c+lXCfWABzEnEcx3cMAAAAFg0tSwAAAB2QLAEAAHRAsgQAANAByRIAAEAHJEsAAAAd0k2WB/s4Lvtua/QY7XH5G825+vnclLqa6d3C/qwsPTqw4VcLc9HC8g5On57Fcq6aUULXGhFxoTfzSwhRasa92Dm6g3fPFfu0f4tbvueyfU+2j+lEiIwRMNbsZ5azdmOI+kmBg7xtbm6OaVZMHniwCCEJTK38DgE3QhXFNMsyAnv22ufIkr6ugsD040tgGMaWjeE4cT56F+tkO7o4/91rb+TgJW+UvuNKCW5qb4MvZSTFwwkKKVnlRzGjepd0ns3tbTZNLnpI/GFV01z8nKXMtzUdvre6d79qI7Zv/LIMQ0bvejX4r66l1ycNZ779gn7z+5+g6Ij3GUUQzEptCwus47WPFUZUWB4n/2Bjo3VM6RuH9nGlkdkxnV59IMSKKDmZQKAqRv3edMSWl6W3/VouvT/t2NjKM5OGko+PNMs1Xv7+t7Ojis3WDGdWV9OWzwidlBc+hHrWLyD012cdumOEvC7DlqWk1fqLKR8cXKhQKMivuCifUqCBmHzOrEBviVNYZLOld7gjY5poxv1a2+m4jX39CDbmkgMdjrs6uYZXr9X77kWzharYM580873c/VM7ln4Wpymzq7vVo0OibvnkgVuL0OGK1nZhYU2X3uUOjyn+Za54wcRNAYN9+7mv1f/ts8yg/yIHbJxZc+rg76ZvHPdwZvmM52XIt/afPnbb8Xnk7p4FVui/jpxN17aOvTi+VrWR/258EMflr2RLQulULvyii8jVM6zkE/nLieVFyTcrz3j7MUWGB3Lc8KTrCRW3bRhx7Xg5JxeqDk42aQ6ZelqIVpKrLGYi6s56vPDubz4T6LD+cWRPqvqQms7YIPX2k92bWsm6Wo0HyrGJs4TJX5yokHS+xHyReV1Nu3+ebujVs0JBq7d+CqVDaSGJ0Wcd+sQIeZd+/4ZlXFmx6mgNURAbIs54NuWT2V7PFVYOyiNjUl2NPfvap1bzVd/qNn7myvcvwDxt2GjB8UZL307TTpRU2a4LDmnWqBnXqrDo1aX8w+TShytKqdfxdK7X40RrJ+XhMc1Sr92WXZylRKn6XFZVuAShl7LflG0LBkz1miklM4XWmbQGDj/fXMu2qNc7tmf4SkEeqED6bOuGTf88Wu93v1maBEUxLg3CL473nFq/ZofDE2MPO2rGG3P7fVtc+GrL2/fuhPiQrMZhamljg9QkPs39CJlDKxqjbyLKal0tP2D7jh6T/p1RZ8jRDZ/+ad3FHDFC7qYzWXLKBNHWn1pOTxQWV3ayIQGZzXv173U9BPn7fPr6g1DCNZeQD2s3v+7Vf2LJ3+7LicvRYe5/61p3E1ehf0C5yUGx1+ZUT1nH2rU9BAW+DzZGsvqx/exN5f93Yx0ReibWlbCfB+yNHLijs1OGcQkKfR/cw62fX8vV7yafHF5ynqHrt3S6t7WceSAnzkdGlf7qKSN1fv55LffH8Jna/ykwzvZjmdv/zWm39K2yxu7rLftkJw7TSS820CaLDHDsWrXJVWGRnh+sUv5zoFtW6yo1YWjZ9f8u3/oT+ae1WWKE3C3DZCk7NqgBwwxK/pBkSJ1Bf21ldCSoiLAIF4Fr/uj0prlZM/FvwyJcCSmuPvpcBBn9u+ULKyFRxgW/yf/VOlzcYjJaJv340xMpWPlO+c3tGd80p0NbFzX4X6l+3Zft6Hwi0wq4/fm+ugLXCiHs8Nj5umLI6XRva1a9L13T2ZeMvVs8PVySk1TKfjBk++UXMFJN//gj73t3LsC8yG4cWfXV8SRpEcdJj+fTHRtQ2ttP4OwbmRi+1SXtPNrbkPr7E1txcAHmcXbrqrOrcziXGJ3qf2EZr0O/GCHv0u+cpUpzB8H7hpVaT7swttSMjJapXqfGDcW/5wenN+1iLFe4YR2f6/SHEVYMYS8GsGWqewhuZBbcsc+K0u1dRG9svO1fJjxbW1a9jro1rit2XUx3HZnFr/mBj2bow989urGiSrKqIhJOh0uO2rKdjC258ZmSOHoLSVRG5TLO7cOGFpc+qLvw2ZwRuoLI4XRva9W+VGWq8/5sueqegmvaU+Q3zngTxoFNPu+Y8m91Q7Zfyvkmpb+VUFRC1imePVvXhgRnJ46syuScpY7YgNLefuvb5d9s4z3pReKzRWW158nofGJ26+rViw/qispMCNRnHfrGCHmX3peOtKwovjfl4PHmZOyIDJNlkaGrdjMjy249EcmVbOHEpDwRl32/ofg7pcDuj7Y2O1WD3MIGtgfGNxu1c/zrVaUyXytDrkbIi1XJJ/ps/43Dw5g7iysVGbp2NzOi9LaTqnU011pHVnUYfXI5UXASVQZN1dr4bvK1RS8X1R6a2bJrnp5uyNhXjRzcltma3fXnBLq3NcPNq2dzaFLzkTsmvlntrj2lc6flO9y67TiWXrkGbz+he+L+foWWNKw84bLi5e+e2Y3DJL6KDdIadNBvwFCBk+KKdFHButbkk675s1dXpczQQ/F9Bp34qbc5YoTcT3ey5JTMnUNLWk28mthu3IV+nTKdV1gm8cbseuNqOov8Z2w9O/inbjW3Xtg0rWfLIYs2dFj/aqJr8je6sedDO88R2iXYeb7zP3d8Y8tqRa3eHd++tHuXIXPXxbMycepzSwLufqy8QDlrcYRLfYcb4Zem+t5f0mxIZWeh//gV+yfMGNJ2Raz/7WKT+3VY97LzpStXJ5T+Ved7SrxmeyuRuKb9lim79GNN60adrpJFHzNNlsSuUfTEssprgw8p+hQeTnboXF9OJfCQ69rWP1763Gmm0F7q6BPx4sapv5sWVPqzvRvUOnk8slAJ2c5uZdIt1wjbr92G25NYQbEfHit+d/IRkchsxWEiaWMz57pzBMZRua6t45Zv684+Jbvza6VM581iXVVKo6xP717VqVO/nzdzpfu+W93MbqfJY4Q8Qec5S4YRckW9a73893547a6Vba+nnZ6ygKCoglMGimv8cmlZQt+Lezt0GrTXrq//2jK+rW/f/CQvWb2ASOvHQTbcJyVrvf/P8aN61vU8F5ggsW/Xd8K2WFZmlXxeKc2/y4TcC6nUuaSVdXShlo7ngo+fbKzo82jv99367XAb12lBgXJ1/BZveThwY1W3a0QPh4d1nCP0/PFN2n/HSOr/fsuaW8JsDuG8nXSUsejh9Wa/S6rH6bO+nKzSuJPrMt/W+dgIJWe1/tf+UxuVy/8oSujG9Jv0z5/slB7TMyvX4O3HFFEsqCU5UqvlysOxp0fWy0ocac9bjTwr69qCZHxMk/SmqQ5RKceKJOn9AOSr2CCtAftvDBkk8pb6s7/auQtIPB2Xdr+49D+8bxMZ9E6fuqrZP1Z2zvHf1G915cDzyKpNyzo+Srve9NYRtqFNuo2ANDHm+roOmUs3WbbfEjWW20LGZrSQrunWxRsEHb/1qpaulXf48Y8VtPt6ioRjOS5NwrTi3iWy9pohoUvFiB2n77bMKD7pV2NtOC65zLYbgn9UEPLj10sKuASWE6p7U5VB42FTx2P1TfzXMeZOmW1rjUGzN86kXfpTs7D9RNUTOE6eZnx6xwMhk64ltJ2UZpzuODLYZ42j9mR0TGd+vEuIvrHlVenWR2E52ZdjIv1tmCSY6FNXM/s8Sl5Hxvterxghr8Pt7gAAAHRAsgQAANAByRIAAEAHJEsAAAAdkCwBAAB0QLIEAADQAckSAABAByRLAAAAHZAsAQAAdECyBAAA0AHJEgAAQAckSwAAAB30Tpbf/7LxsSxRbmPKYHIiiZU4Yeuc/j58xwFgbKjzmUPdz1v0TpZvg0IrCMUSU8aSIynlGT6oHSBHo3XeWoInU2VEKrPjOwQwoyz9G9aleAVTxZFjhby5y3cIJnH6xvMea/Zcmsd3HDmBqoURl1tbGDUqnuY7BIt16fZ3fIcAZoRzlpCuzYeuT/kQEuXu6uTAdygW70NIKN8hAICJIVlChgoXcCETBnfhOwyLN3HuWr5DAAATQ7IEAADQAckSAABAByRLAAAAHZAsAQAAdECyBAAA0AHJEgAAsoze4YneuILvOEyhSH7HN8O61P+lqa/XTs04JEsAANAbvWHJtFWHd2iGz/ie4jMcoxv0sDbxDyEe9D0myhXWrev5bKTjkSwBAEAv2okytyVJjfWVrqlfm9xoRuasO74hUa6UdGhceQ2SJQAA6CW3J0pt9D0e/lyMLNpEViNZAgCAXmirkr7mhUSp0bZAIPnzrTfpP3XzPSRLAADQid4vmu8Y+FDKNpa8CiBVkCwBAEA3jhPSxJHX9C7ylsz2q4gf+AAAmItMrrSViIXxfMcB+mvsGoxkCQBgDtHxcreeCy6E0P5dPzdytrMWRfIcEmQRkiUAgAnN3/3o30uPP3XTDKtalzZ8JMs4qcKJ4zgmVqpwVrKcKEGmsI+TKRw5jghiE+TJ45Tqca2qF11jKxFFmztGS4ZkCQBgApGxiQV7L7oYnHZ8n8WXPhRytnlDk5ZcwUrov2b5iC8zdbwL/IdkmRqSJQCACcza+WBfRtOCIxI8zBkLZSUSSK3EwoR81qIIOpzPRhwhFjIyeg6V9ieNE6nGCWTWVsI4c8dn6ZAsAQBM4PfBNerQc5W9Fl74zHGEoeNoEto2qX6hyDh5Ae2kxW+koA8kSwAAE3GwFYcent5UsP9awA9/H3/5pzRRaXfx8efuzasVWc93bJA1SJYAACbWoXaJJbQ7citwBBJlzoRkCWBigaFxXssPPV81f8A3jfmOBfjVpkaxVXzHYHZMMWI9POn7gWxVC8Ilj5YMP0EYhhDlkTZEHqDQjCWiJtOIqHQVwiVGEC7Cj7AvTxDFs6vqqaJOR4io4Ndpiz3bmSS+iE0zXbUmWQRRvjpA5Jd2frVMViFZmkFIlLREfkfrAL7jAPMb//et6y8Co3xp/49rb978c2jNmnzHBGCZxMR6xMGUIcbGTd0JinyjSpZts1GeKhNLXIjQZwARVmhNpKv7GhQdkqUJ0RbFsL+uPaP9a8bU9i7mZvec75jAPN59jvUZueL6I82wd3HHq8Nblxub2TL0Wjf1q9YlBbRfM02u5KxkiUq7WGnSfDEJCmeFkrWSylXjEr7Mp2Q5cUKiMl+cVO5Ef1iivq5OyarH6Yp74aDq9SuUcLpsyHsHyJaC/ZJeYw8R6ZblKaMFVX/6et6AP4j0yImMy9JMF5Qj1sOWqfJmQXUrluMyXkQXJEsT0W5RqHYSZ66WZZyUXmTMCTK68JhliTBepnBIGscJ6Acuy3Hqcb0becxwsZd8MEecudnY1TfuvP4YU0173LP3UXXGrbl5m6+Y9BWvOn74jgHyKGVi0qtdQ8JYryacNOlfs+y9BQYUyiS/sgYlSgrJ0sjStigo+u2+0+xzFn/dUruaxZcjWRruz6E1fbvPPx9O74aiGUe/LNlYCWMDQuLKZ7Qcvd5NLBLItC8pkIgF8fS6N+3r4CQiYYJqPqm9TfJ81uIIK7EggV5HlzKfqgyxSChVLZ+ASxQgRwjdQji2F2EEDkQy4EjySAVRnBxBFK/TtDVKjCfWI8anDCauaUFUDYEMpnNEebyfweEhWRrZoRvvR/O5/qxceEzHaX/gOtpZhfAZe24hFDCKPVMaO9x7Hd7s1813T9Jx9Lx15VIuZ1eNrl2B7/gAzEvfJh1HZGtaEqZIYyKq0Z0Ii5QiNEWJmv9NyM5WRBGhlQ11/Rs2DTYiPEsRpwfJ0shGt/MePrKN16geCy6E0nsxasb/O7mhC77Z5y1VS7ucOjKjKTN96/0jt16Ftp7dt2pzvmMCMDvuS6JiBKrB5JzHJP+HlItlU8/+4RyRH1B1qn5xn2NEmE9AhGU8iOKmn/7rTE6mTOXfiaSODxH33EWUqzoZ9DaQLE1AIGCU9MkCD96Gfztl490zdNyzwKjaNcq4HeU7NjC/6d9XacN3DAD8SSCskiMCIUOsOo0l0v9WEkGVacnTWKIIT06Wjl2Idc/eRHFxMVG+ukGInY86UarnCvTP1pq5BxMJqXNc1WdHrMo6k8SX2W+vIFmaEP23G21Z3PELa/mNp+txvuMBAOBD4rp+RDJ0E2HytyHWwzTfHTki39P5y0xsoqq5aUtEDaeqOq2Fw44Q+QcFSSXNOUvycjqRnrmWzpo5IrvlRyQ1PIng25Wq+Xpm+z0gWZoBEiUA5GnsJyJb3TLzeWIOEumqg5nOovivDVFkcTp3exSRGuF36EiWAAAAOiBZAgAA6IBkCQCQx7WZdppbOaq2T8kCdk/4jsVSIVkCAORhNFHS15Errj0unt/u2erRtTO8cUZehmQJAJCHjWnnPWzTGb859EHV70PivGny/K1n5Q61vPIf4Ds2S4JkCQBgQpqWW04ya8eD/fa24rCdPzV04zsWS4FkCQCQh1lbCWMFDMPShyloxg1sXuZ/neuWXMRnXJYGyRIAwITojUn4jiEzHWefjZcmP76N3h96+/8aFEh3RoZRmjUwC3ExPGlzIFkCAORhe6c0tm8344xiTr9qTat4uJzJaD6BQKB8Ha/zkai5zuag0upXJEuAPOxjeELpwi42r/mOA/hD72WtT+t348y+Vev2X8ydCytEGrsGmyM0i/BW9QWhTIkC95EsAfIoes/iqVvuHaPPwqSPFKOPFuM7JrB8s/0q5plk2eRGM/Ur/aKAZJkHtZ1+mu3XxHNK1/ru8/mOBfgjTVTa0ddEOWvTfsYZeae6JRcPal5mEt9xgeWaMaJtz2mrDu+gSeSM7ym+wzEpTaL8ZXDLAfQVyTKP6f/H5QCOI8zG037zNp99PXv3z40cra2EcXzHlRttOOVn0V9G9lz2/0l7+L8r7ybuu/puwo6fGrrZ24gNf1ou5DpNfb120q7egMWsKpkwhSUJZETJl6Su82e+QzOaQQ9rE/+EpHOz9MsBfb+0H8nSyCz9A1L1IRgmEQviA0Pjy7EsJ+w851zst5ULb5nQqUJfvmPLbdImo5yAfpG69iykQ/NqRf7hOxawXJc3TBR8/8vGx2+DQitMfVmZ73CMrlRRtydb5/T30R6HZGlkOfED8uyDj33OPwrudWhaExwPRtSlnvsCvmPIjELJWh24HvADTZB0uKCTjf8/P9YtxXdckDOkTSa5HT4cjczSPyDfBMdUCYuWFX33OTblQB/QrMxPXeqVXMhnXLnRgGaek/mOITOL9z7eqkmUS4fVrO5ZxOEO3zEBWCokSyOz9A/IHgsuhMbEy11pf6YXIEOuN7Gzz/f0xtndG5Saw3csAJYOyTKPofd67DT7XNzUXpW/q+LhcprveIBfSJQA+kGyzIP++7WxHd8xAADkJEiWAAAAOiBZAgAA6IBkCQAAoAOSJQAAgA5IlgAAADogWQIAAOiAZAkAAKADkiUAAIAOSJYAAAA6IFkCAADogGQJAACgA5IlAACADkiWkKGPn8PJvJU7+Q4DAIB3SJaQrr7tas1ds+cSHt+kh1JF3RL4jgEATAvJEtLV1NdrJ+34jgP4detRU75DALAISJYAkC5Vi/mJLNHRhu84LJXESoz/KOQhWUqW4e+fmCoOgFwpPDzcc9u2bcc4jhPomrd169ajPD09j5sjLn1sndPfh+8YACyF3sky6VumHN8y05BY2ef5b5cbT/vN233Jf3LX+u7z+zf1/JnvePgQGRlZavPmzaciIiJKpzfd0cE+0+WjomMITappxzs7O79p1arV2DJlyhwxUqgAkA16J0t8ywRIbdeuXXsCAwMbxMTE5NeMo0nR17cq8SqXbs7UW0hIGDl67BxRJV+P7du3H9aML1as2PVBgwbVNqhwAMgynLMEyKInT55037Nnj/rHTzQ51lIlx5o1qhh1Hfnzu5J+fbukDPv7vycXLt4gquRca8aMGVzFihW3derU6XujrhQAMoRkCZAFs2bNUrIsK6hRvRKpXesbs63X3b24uqM+fvxMdu890vvRo0e9O3fu3NPHxwe/WgYwMSRLAD3RFh19HTt6AK9xFC5cQB3DsuUbyN69e3cgWQKYHpIlgB4ePnzYh762bNGI50i+0CTMNWvW3Bs2bFhVvuMByM2QLAH0cOXKlUn0tWyZUnyHkoqdnS0bGxtbkO84AHI7JEuALHj85AXxqVCO7zDUXr56S+Li4gUikciZ71gAcjskSzAYvbYyL1xfqWrFkbPnrpLQ0AjSqGEtXmN5/fodOX7ivLrfxcXlFa/BAOQBSJYAerK2lhCO48jDR8/UXbVqFUm9OtXNGsMrv7fk2PHzKcNurs5KswYAkEchWQJkweCBPdSvu3YfJnfvPlJ31Pe9OqpaeE4mWWeiXE52/nuQREZGp4wbM6o/YRiGbN+x3yTrBIDUkCwBsqFb17bqV3rekP47dOv2fSnTNLe2E4lFpFuXNkQsFutd7p69R+l5SHU/vQWeNj5asgCQBMkSwAD017Hav5C9fOWW+nwiFRYWQVat2ZrlMjXJ1qNUCdK2TRPjBAoABkGyBDCienVrqDsAyF2QLMFgeOoIAOR2SJYAAAA6IFkCAADogGQJAACgA5IlgCGi9xEXjx/UvYxARIp4ViSjf5tPhrXySpmld9GS5JgsqV8gkhCfOi3Ipu1/kZLWPMQLANmCZAlgKJEHCQ8+p+5l4z6QQc2bkikjPEio/2HCJM8y9uRrMr1aUnV7uvcXUrV4afI55DUqIEAOgboKYEQCuyJkw5WnZGRFD/Lt7y/IuQlf33S9fOeZRDxsK4ngCMnPpFMIAFgcJEsAE1i6ti8p1HUBIRP+STWeTYwlG37qTqx8hiFRAuQgSJZgsLzy1JGsEHmUIZziWsrw3om9yJ18DM2W5OGdJ8SzXTseowOArEKyBDCBhHu3CWP75Uc+nRdvTzlnSS3+tjRpvrw5OTnag4/wACCLkCwBTKDn8H2kxfxbGU6vU6sA+f2SajqSJUCOgGQJRrXhlN/8zKYPaOY52VKXK+hk7d+6RrHVmZWnU2II6VWnHrliVZuE9sifwSz3SZe/P5CJ5zsbtCoAMB8kSzCqPZf9f8psekbJyxKWq1DC6XK2kqXiDXFxK6nqYYhjIQ8yesYusr1z5VSzLGtemiyjczBCUtS7Btl84xlp6oHqB5BToLaCUXWp574gpy5HW5ZZLsihIwkP7ZjpLNuC3mW5WACwLEiWYFQZteRyy3IAkDchWQIAAOiAZAkAAKADkiWAnsLCIvgOAQB4gmQJoIf69evP3bt3746Xr96SsmVK8R1OitCwCGHx4sWj+Y4DILdDsgTQg4+Pz06aLI+fOG8xyXLZ8g30hRs4cGA9vmMByO2QLAH0NG3aNGb27NkyVZKyosNjRw/gJY4d/x5gQ0LCBckxCXgJAiCPQbIEyIJff/1V8uzZs067du3am9yyI7V8q5KaNaqYdL3+/u/JwcOnNYOCWrVq/dmiRYvxJl0pAKRAsgTIIm9v7/9oK1OhUFivWLHi2fUb99xVXcp0Rwd70rJlI1KwgFu2yk+QSsnuPUcIx3KJUdExVtrTxowZU9bFxeWVYe8AALIKyRIgm0QikXTcuHEpJzAfPXrU+9y5czMjIiI8/t11KMPlnBwd1T/IUbJKJiYm1j6j+ZydnQPr1q27u2nTpriBAgDPRBzH8R0DAAAAAAAA5GD4LywAAAAAAAAYBA1LAAAAAAAAMAgalgAAAAAAAGAQNCwBAAAAAADAIFloWMqYg30KLO2wNXpM6tv9MIQRWrH5nAtFlKpY52mrXqP+Hde/7obCIhKf0fJWrdZfDDwysLkbQ2RZCVYWdLnwjrUbBu4+fqn13Rfvy4fGKu2tHArGuJev/rxhmx7HBw/pvL6amyhQn7KUkU+cjmza0HPXkfPtbjzyqxwUFufG2jgnFijuFVizYauLXQcN3tS5Wv7rqg3EZvU9KIMOFhnTsufu1Y8T6ggKNvu88OjenuOr5TtrjnUnSWB2dXVZ032PdIh1h21nQvb1apmPEEVG2yJ6f5/mnp23HgxhGYldizUXXx4d0rKIgCSkP3dmcWgfIwyxrjn33p0rkxuXF5Gor8uJFGxuX3hDv0OJfQsPP7HDf1XT761SvV/IabJ3XKdmWB037PgTf1hdpJnHiFtnZKRQVt+7pPmay++O92t+o2+BBWk/IxlGwAmt7WVuxcp+qFqv1dWeI0b/3bNG/suZbQdjbw/9P3Oz+zmdUX5IjxVpvPz1b6dHFZsjIITLaFlDthvkNcY4hgw5hr+W3bz6pTD63UrESmzsE1wKFvtcqlyllzXqNb3StkvHfY3LODzJaL2oiwDAp2ydsZSk+cLBKeJFoW/vlDyy8ufBk4bV+33BUPFfXhMv/H1vYe2R1qrvm4aFGCe4s6DNiOZTLvwRzjJW9t6dX43/ee2iRU2qnCjlavU54dPL/DePb222ZG7/SdWn9JhORMXkndZd+N/Ofh7Lvv7QkzJPVnTq13Tc8ZXBSmJj69EiYNiPv/21ZbnvxAol3d5aK2OY0KCXRW5fOFZ/z6jKc/rdCKtfbdHT+ZcnlP4t4w/xLxJfbys1sOWgvdv9EquKSnYO/PvZllqDvKxvmGPd2cV9XF+kR59t60KIs8jVOSoq7OTo+h0W1p92bbLXz0KD1ssR6c0pVavWlF2+eWNaw8piEm68qMFyGOO4NmYd18j68ccUGR54Wjq88FcTFLdtplSqfWLeM1K/wq83lt+fVW1cRl9MNX2pPyOVjCwyyOHR2S0NZ0+aNaffhpkX+lnXjJ9752qryeWFF78uxxTbw3zS5ofsL5vV7QZgnGPIkGOYMiSvpl43y8jjo21CAl8VfXjtlO++TdN6t/ul/7QEjhFKyvR9s/XM+vZdigufmOJ9oC4CQHYY5aewjMhWkb9M/df9/7w0pa1P67vFBh/f+fyv+T33/Hpg0fcOxC/bBbOvrZY2rvTvjxfjOwjcBwccvbu2UStn5q32LDYlqrxvObTKPy2HLv6HDVhfol3Voef39i/zZ5Hj/zZ5vr1LFxfNByr7VvxXk4o7x52P6yTwGO5/4s7KRs2dmHepV+hMCpfx9WtHu8HTN2zSM8z4x6u8e7Ycu+9QkLKctdeAV7v811TsUlL0+Mv7MN26DaJ8abWo48i/j8cKi5f76fia+wMv/NGo4k9Xbvzafvzkho+vLKptlfEDpjLFELvuW48fLjn7SrNFM2bWqCq7cuXO3AY1JCTEuG8AeGWM49qYdTyFpR1/Qk7iVCKqeqdfDu5v1+j0eK+G5/58c6vmggXHxv+4qe0VifY/30yyPXKqLGw3gHTxcAwZNa8KOLGtU3yRsjVe0a5lvylb1xApc29m/XF1pm/6vWupM/eHHn3ed01zux1Gfx+poC4CgH6Me40lFy44f/pOYzlhBFaV6/rVtCOfDSiM+bB2WJefLsW358S1EuadXN0z7RestAQlBgXs3/ewR5lvl519t2tYqx97temxqZ3NJlrWx7VDu066ENeBs6qTsPDUih5ffwHOcnwk+uaCqt3bTdlxNoRzt6/2w6NjdxaXaVFQkKYhbYp1G4OcuTGl3cRfbiS2Enr//HLr7JpTrEXVI7bNO/BzhYlX1vzRafiaRq/+edAmHwnIVvGMNVt7wf15NyQ1EmrNnrewTiXZ1XP3f69fz4YEG/mNAC+McVwbs46nYaHHn/TB0bKnA5TlCCPhKlXzuS9OdYbRhNsjh8t8uwHoZp5jyMR5Vc2aq/rbyb/+vlusct8Dgf3/GT9/6rD7s05UE5nnV0GoiwCQmWw1LGXHBjXILxgk/WoCY8UV/KbTw6kHZvf6qX3pXYb9DDaR3L5yq1YiRwQiz8bvG5cSPtdnKbFvk2cN8v31cUtUtOfNq49rKdrV2CIiidytKzeTyird8H2DEoJX2Y8riezY4Aalj5FrjNhH+vONW23m1rQ+mtH7MP66M9j+WRB3bETDjotf/qYQVUj8devMMdXVSUlASv+wddOCA15tfry4sUOv7xuv99vXp23+bJ8BsSLVZt75466ktqz6b38sbVRBev3EwxX1muQjel0HC5bMGMe1Met4el9u+Dv+Mv6MFBLnSn2frNm4fMSQKvaXmVQ/izP19jAPnZ9PkhZxfwccqzW4APM47aTsbTeAL4xxDGX3GDZPXqXvxZGtXb/KFfGBq/0S/e4VexjNFajmwnzVsERdBABzM8o1loRTCOLDA52eXt5d589fZk6d8d2/2xd/M+WnE+dnt6qTj3zMXmgC4uTiHCEg0YQNC3EIY4lEn6W4mFDbUClnS38O5+zqHJZ0HZeA9oerywoPtQ/Xs6zMSFqtu/h0avDkAW2m/jvP1/bIH5593m4+s759txKiNB/Qpli3/jfvSW8qF7q14Pc9//nnIyuyrvjrtmXTqolOfwnXXT5my+/jDpQbU+vcwaFNOi+tN+X8D6WmZ/86TxHn88v1FQ8kDRKr/m/lyhblE68devR3vVaO5H32ygPLYIzj2ph1PCP8HH/adZRegx7y8pLn9jk/Tvhlx7MBkS/vlXoVxbl9vZQ5tofpGeu6Lv23G8AXxjiGsnMMmzevsiQ8NNyN/veIsXKUO9kyccZ6H+kti7oIAPoyzk9hGRFr6+oeXv27SYe3tet84pv63nsnXJ3brtn33ls+7O+t+g5H5FkvVMzVHTJoZ6VVU8fcC9lacM7Kn4c3+8FDxwexjLm+YP7gUzJSmLFrHj2kb+kdSfOLSZ2hQ3ZWXvnr2Luftxaat/aXwU1Hl5xt2Bcwhjj4/nL3QtiUkmHnJtdt+d2iPd1Lbnk0oOKoZ3tOLW3fKuUnsWLO+Os2APtWvKzzkNUHorhS9Eaxj2ZWGSueScamP7OUXJrU/qfpDe9dnllVdCr7KxVy5SZe+vuxdVNZ5bHr1rX1ll7b+2hZo+yXB/wzxnFtzDqeGX6PP3oNeoHyLZ7/sO3pkDFTf1/YoOqky4sbF9vzYOWjX48PLzn/S/zm2h45g/7bDSB9ZjuGzJxXuYh9rr///XKgggiYgl2/P9PCmnwwJHxdUBcBQF9Gf44lG3C86NGH8mq04ZXPzTVcYsBPsoQ+vz27cCK0XfUWfx29NL7s1OJn/6p98t8RPSvYkLC083IRl52nt223bfbVyFacXe2Y+Tf2tRtQgEm5W5qw/C/PL56NbFmzye8nzo8tPbP4iSUNju4Y1btyPiaD60DjBa/2zGy9Nm54kQX93P/O+IOT4VwbL7h8K3pe4Y+HRjVr2n3FjtaFVr5y9J189+DR2R0buDABplt3VimYe9Pbj514UfodsW0Ss+LZyUYjSwjupj9vjOBQ/7K/d9j0+Ie5Hcata/R8Re1vbQxJXgLOY/TpzU8lbRIrDtu6qbPXp6stSrPZv7ET8M4Yx7Ux63jmLOP4E5ab8Or81egm1WvOunRqVLVZXeyfxe7tXWC55udk5tseOYuu7Qagi+mOIXPm1TjBs41Du7UftmONXyLj4NT0r0tX1rYaaGPGm+egLgJAZox7jWUyRlwkscWi/bN2T6gxK73rLHX+7l9QVDHy9JueKxpb7bFvvPTKC9lMl9vLh/bv/fOohT62I0MzWCsROFeNHLJt+4g/e5X7O70PWrt6i24+kc1wfbZ1fKe+435YWtV+zKeMPgkZgT3r3WPOgfXLSozTr2En4Aq3W3XySfwyN/8dAzo06T9vU0PX+e/cGs+7cuzA/7pUN+m69ZNwZlyd7+Y+nqkQFGYH7t4/KuPkR9mz7dad+Hnq/eqVZjxY/W23gY3X+G3v0tmJyc7ZZw0BV3zI0Z3PJB0TfQYc2H4slPjSn/9BzmWMOmXMOp45yzj+xFVmPL52PKxtheYrTuzrW+2Pwc5PI9e3dtiimW6K7aH/Zy7Zm/VlrPZkaV2quF36H9r3YUObrlm5m6Su7Qagi77HUFaOYfbMuFrGzKs6v18JnZQVui46dHHpDz/WLyD0z+z9oi4CgLlloWEp4dpviRrLbsno5x0mXJ5xVFYf8+/6F6oue+vWZst6f796zy1Vl/Vl9XkPYs6959Z9r1Wd+detYcN1250wtBshQ1ONbbLiSoBihZ3eqxRVkk67n9hkWuo4SMZx6BMjwxXuu39vWF/DrzUFS2HIcZ3MKHXcRMefqHrC3KfyBnONsv4ktt8uv/JWsTxfxmGaa3t8LXuf04bkByNuN8ijjHEMZfMYNnlezSrURQDgj9F/CgsAAAAAAAB5CxqWAAAAAAAAYBA0LAEAAAAAAMAgaFgCAAAAAACAQdCwBAAAAAAAAIOgYQkAAAAAAAAGQcMSAAAAAAAADIKGJQAAAAAAABgEDUsAAAAAAAAwCBqWAAAAAAAAYBA0LAEAAAAAAMAgaFgCAAAAAACAQdCwBAAAAAAAAIMYvWHZY/KGl++Dw8oYu1zI3cqUKHB/48y+VfmOAwAAMtd/6uZ7rwI+V+E7DsjZkPcBch+jNyyVLCtWF2xlQ5yLeRu7eMhl5GF+YZFR0a4sywr5jgUAAHTTfF7b2USTahXO8R0O5DB3nzQmcQkOBHkfIPfBT2EBIEtwtgJMBWcwAAAAci40LAEgSzT/ZS5cwIVMGNyF73AgF1iyfm9M4Kcwe5zBAAAAyLnQsAQAAAAAAACDoGEJAAAAAAAABkHDEgAAAAAAAAyChiUAAAAAAAAYBA1LAAAAAAAAMAgalgAAAAAAYFb7zt4fsef0vTGJcoWE71ggYxIrcUL/9rVmN/X12qlrXjQsAQAAAADApPafezBs8aZTqzhCmLTTCksS+AgJdPgos1G/Tlt1eAftNONnjGjbM72GJhqWAAAAAABgdKdvPO+h3SChfiz1jLQtEMhXSJBN58IKkdl+FdX9dJ9OX314+8S+zUZ0aFx5jWYeNCwBAAAAAMCo6vZfzGkP/+r5iDR2DeYrHDAQ3Xea/Xf4czGy5K03s2jTqdWLN59a9cvgVv1b1a2wGQ1LAAAAAAAwmv5TN93X9P9U+glp7vaBx2jA2OgZZ9o1udGMcBxhZv99bBMdj4YlAAAAAAAYRf+pm++9CgipTPs9bWPQqMzFzvieUjcuqR3Hbk1EwxIAAAAAAIyCZVkhfS1lG0vWVLzOdzhgYvSfB37x9uR1YGhFNCwBAAAAAMA4OE7IdwhgPvSfB0NeNg97E8G5omEJAAAAALnGtWefOy4//HxVMVe7F9N7V2lrIxHG8B0TQF6AhiUAAAAA5GiXn37usurw8xWRcYkFNOMiYxMLdpl7LrpqaZdTs/tWa85nfAB5ARqWAAAAAJDjXHr8qduqoy+WR8Ul5k9v+jeersebVyvyD+1XKDmxSMjIMyqL3tkyTip30gwnJCrzKVlOnLQsayVNVNqp5yN0PkXq+ZSsej65krOSJc9HxUrlzpp+ujydTvuVLCumy6XMl6BImU+mno9Nno9LNR+Nj8apnk+utFWVJ0kuT5QgU9pnvrUMt3F8vZL5Ha0DTL0eyLnQsAQAAACAHIE2Jlcceb4yJl7uqmveO35hLWlnjrjyAlWD2jG/I99RgCVDwxIAAAAAcoT6PgV31atQcPfJu0GDNp72mxcdL3fLaN6yRR1uFXCy8Y+IkRV+EhBZT1fZErEwXiwSyGi/UMAobKy+XJtpZy2KYhiGTZpPEC8Was0nEaWZjyTNJxImqMqTJs+ntJUIozXzqZaJFjKMkvZbiQUJVsnzCdTziVLmo/0ChqjnE4uEUtW6E2g/XYedRBSlVV4MjUXXewQwJTQsAQAAACDHUDWquBbfFF1HOzr87H1UnRWHn698GxxTWXu+l0HRNWhXoYTT5X2/fWujabwBgGmgYQkAAAAAOZZ3ccery0f4VqH94TGyImuPv/yT/mSWDg9vXW5sO9/if/EaIEAegYYlAADkChzHCejNMXBWAiDvcrGXfJjctWJ32vEdC0Beg4YlAADkWCzLCf+7GjBh27nXMxIVrDUdR89ezPi+amt6rRPf8QEAgIkxxYio4xoiKqjVrAn4g8iOnKB38U2t0FAi6dCZ/pw6CRdFlEd7EXlAmstTBYWJsOFMIvYqoUcAcsKe7UESX8RmHlNWysjq8qr3wd6ZSeS3Hn/9ns0IDUvI0eiXyv3XA37Ycvb1LCc7q8/z+n/zbSFnmzd8xwUApqNkOdHeK+8mbT//ZppcwUrSTo+Kl+d/HxJX3qu44zU+4rMk9LEIHMclP56AtZUr2eTHE3CiBJki5fEEcTKFI8cRQdJ8SlvNdq1UyuWcg604lI/YAQB4Ia5LxN//RoTWmtanlHAv1hH5/SuEjYxStZ4cCOPkRQTuDYjQuz4R2OpZbkaNXX2lLC8kxKYEEVQaRcRVKyY1khlHIqi+mFjl+43Izt3K7hoMhoYl5Dj0C9G+qwHjtc9QUJ8jpSUHLbnyuqK78wVVA7MxvbifzzgBwHhovd99yX/yjgtvf1MkP+MtIx/C4stMWHfratmiDjfpHR5pg4qOpz+VpbfL18yXkKi0p+XSftqQog0q076LnGfhoOr16Y1P+I4DAMBsClYnAgnzZTjqEJGfP0RYNnk4MYJwn68RJe1uLuAhQKUqgb0l7M35RFFwExEX1TTnGMLkK6B+0KnZvwBzrJCuHw1LyBF0naGgqnm6nqhcyvkcbWwmPbz4S7XK6EHHVKz0y4OJjfGg46QzBMkPMLbgBx3rsmJkrUruBfM94jsOgOfvo2ovP/x8Vdo7PuryMii6pqliyino9aZWYqHOxxOIhYyMPmqB9gsYhrVN/hmxdfI4AIA848MpooxuSUSOgqRhx67EalhXQthYwoW9ImyIH+FCXhD2wwPCRkZnXpa2EuOJZMT49KfFHSaJW//60njNlCD5jOVoIiqi1ZSTPyWKy8fxU1iAjBy5GTiS3t1N1xkK6q5fWAva0f5t595MN3lwuZzmJ3MAfKM/ac3ojo9p2VmLIge3KDuxnk/BXS8Do3w145jk/zRZWwnjREJBIu1XNarkNlbC2C/LiiPxSwcAgDyOVTXQtrcjyuLdiKhuFyJ0Tj7HIMhHmPxViVDVpRZP2Du/ksSbT0wbV7oNU1XKijxP5Md/J8oIuWnXrwc0LMGitalZbCXt6JmH5YeerXr9MaZaRvOWKeJwu7KHy5mQKGmJC4+Ce+r9oGORQPsBxgY/6JjOo3mAMR50DGBc2nd8pL9e2HPZ/6ddl/0nJ8pZGzqd/mJg6YGn654HRtUa0857KBqKAAC5nZxwac/0CcTpzypMO15Okr6VpaUg3PvtRL5zO0nVXKONy0K+RFilLxGVLJQ80pYIvllIrBIGkMRHnzMO0yjXWJ4knNiNCMr0I+J6TQkjZAhxakzEPRoRccgWkrhvG2HTfT/mgYYl5Aj0Wqllw32/of3hMbLC/5x8tejcw+De2vO8+hBdnXYFnWz89/zS2F77TAQA5D70H0c9G3nMpB0dvvbsc8d7r8ObDW9dbgz9pw7f8QEAgBlwIYR995qQwuW+jCvSkghdjhFFuHYqsCdC74Zf7ghLSe8Q5ac0/8d3aEXENZ0Je3s/UUamuRqA/hz2wxmiCP5ESM9FROQg+DJNaI5mlapZKle936eLiezlCSLutpAI1T/ZVb2p/H2JVXd7kvjvat4al2hYQo7jYi/5OLGzz/e0oz+RpY8a2HHhzW8KJWf1c7eK3ep4F/iP7xgBwPxqexfYRzu+4wAAAHNiCXfvJ5JovYRYVXFPGiUoQ0Tdj2be0Em4RuR7/iRs2t+HMXaEKd2PiOlZQb3Wr2rsBW8k8ocfMp8ts2ssaRkvZxDpmSzczFzxSBX/DEJ6TCdCu+TWsmMHYtUphsj2bvv6LK4ZoGEJORq9Vqpbffd5tOM7FgAAAADgQwJhrw0j0mtCwuSvS4Tl6hNBkTKEsXcljFjVPOSkhIsPIVzYM8L6nyXKl/cJl9EFR1F7SOKGK0RQ/BsiKORNBG4lVOUUIIy1neqLp6rpxNKyggkX+pSwb08T5aunvDTi1BKvqxqXiwjTY1LynWxVnVsfImkXT2QH9xHOzBeDoGEJAAAAAAC5gJJwIReJQtUZJPEjYV8fVnfZwgUSxX9tSLZvlpGV5ePPkMR/zmR3TUaFhiUAAAAAAAAYBA1LAAAAAIA87pF/REOfkk6XNHfNB8gqNCwBAAAAAPKofy++/WXzmdezNcP0/hVd67vP79HAfY7mub8A+kDDEgAAAAAgj/Is4nAnv6P1+5AoaXE6TO+4v+P8m6m0o2cvW1cvuqZ/M8/J2s/lBkgPGpYAAAAAkCNdex7S4fn7qFp8x5FT3Xsd1vz1x5iqGU3nOE5w5FbgCNrR4XrlC+wZ3sZrjHM+q2DzRQk5BRqWAAAAAJAj3fMLa65p9IDpBYUnlAmNlhZDwxLSg4YlAAAAAORIVT1dT9rgJ5oGUSpZ8bP3UXWeB6Z/5rdaadeTo9p5jSjkbPNGzyLN/PRE4NubSMaJvqJhCQAAAAA5Um2v/Ptpx3ccORXLcsI/9j/dqN2oZBjCfVu58JYhLcqOt7cVh2W50OS7yr6Nz2fESMFSjXlSM6UfDUsAAAAAgDxIIGCUEztV6DO+Q/n+Zx987NPAp9C/VmJBgiFl9mxVY/Hsv49tov3DHtUiaypeN06wYJGexjqqX0sXc3uEhiUAAEAedMcvrOWsHQ/2VyjhdGlMe+9hWfiZGwDkMrSB2bRqkY3GKKtV3Qqb/z1x58dXAZ+r+MXbo3GZS50LK0Rm+1VMGab/UEDDEiCPuPL0c+dSBfM9LOJq+4rvWACAP+8+x1UYt+bGHbmCldDh+2/Cmw5acuU17S9d2P7uuO/KD6Gv/EYJADnZxpl9q/afuvmepnHZ5EYzMrCYH+ld9C3foYGB0jYoqRkj2vZs6uu1Ew1LgFzuxJ2gwX8deraW4wijGVeqkP2Dcd95Dy5TxOE2n7EBgPkJBUT907foeLnrtvNvpkfGJhbUTHv9Maba2NU37tB+egaTnsms4uFymr9oASCnoo3L0zee95i26vAOOvxPoKe6o371fEQau+LGsjnJtqBSKftPY8qglgPb1PfZoBlGwxIgl6tXoeDuF0HRvifvBg3SNC7fBsdU/mHNzVu0v6CzzdvRbb1GVPN0PcFvpAD62X3Jf/LG037z+I4jtwuOSPD4ZdPdU7Tfyc7q87TeVdqWLepwi++4ACDnoGexaEf7j15+3H/OuuPqRgg945X2rFdhO6XWtZ0MxzAM7i7Low+xjF1G0zRnKNOOR8MSLNr5h8G9Fu19vI3vOHKzTxEJpX7bcu847Xe0swoZ0qLM+MaVC2/lOy4AMC16JvJNcEyV6Hi5W0bzNKxYaMfQVmV/oA1Lc8YGALlP63o+G2mnPe7ktWe9dxy/NSE2XubIU1iQgSI2hFiJRdKerar/3rZ+xX/0WQYNSwBI4WIv+VDUze4F33EAZKZrfff5tOM7jpwqMDTOi/4ziV5bmXaaUMAovqtVYmnvxh7TrK2EcXzEBwB5R/Pa3ttox3ccYBxoWIJFa1Sp0Hba8R1HTvYhLL7MH/uebKQPP05vetXSLqdGt/MejjtCAuQNxdzsnq8fV7e06nNh07mHwb1pA5I2JGmDkjYs+Y4PAAByJjQsAXK5T5FS9zfBsVU0w5oHHw9uUXaCg604lMfQAIAn6mfXdfb5nnZ8xwIAALkDGpYAuRw9I/nfr43t6A17irravTT0wccAAAAAAGmhYQmQR9BHjPAdAwAAAADkTmhYAgAAAAAAgEHQsAQAAAAAAACDoGEJAAAAAAAABkHDEgAAAAAAAAyChiUAAAAAAAAYBA1LAAAAAAAAMAgalgAAAAAAAGAQNCwBAAAAAADAIGhYAgAAAAAAgEHQsAQAAAAAAACDoGEJAAAAAAAABkHDEgAAAAAAAAyChiUAZIlAIFDS14+fw8nEuWv5DgdyB3v6R3NsAQAAQM6DhiUAZMnGmX2r8h0DAAAAAFgWNCwBAABAb5ozy3EJDuTS7e/4DgdyKPxCASD3QcMSAAAA9IZfLQAAQHqM3rC0sxZH0VdFYgIJeXPX2MVD7uNK/+A/l/DIP6Lhi8CoWprhcsUcr1d0d77AZ0xgGT5//uxz/vz5GcHBwVWSRwk5jhPFxsbmVygUVqZct7OzUwAhDP184uiwra1tSK1atZb6+Pjs1IwDAAAAEzQsN87sW8XYZQJA7nfHL6zl7kv+kzXDXeu7z0fDMm+Iiooqefr06flv375tHhcX55LZvI4O9in9drY2RGItIT7ly5Ly5cvQf1AZJZ7g4BBy89Z9EhERRVilskRKnNExqnERHnv37t1Ou/SWLVGixOX69evP9fT0PGaUYAAAAHII/BQWAADM4vXr1y3OnTs3IygoyDejedxcXYiXV2lSpXJ5ozUUs6pQofykfbtmes8f8P4DuXXrAQn6EEwCAgLqbdu27Wh68zVu3Pg32uhkGIY1WrAAAAAWAg1LAAAwGX9//8b//fffjpiYmILa46tVq0hq+1YlQqGQr9CMpkTxIuouPa/83pLrN+6pz36qGtWzaEfHt2zZ8gdfX9+lZg0UAADAhNCwBAAAo7t69erEU6dOLdIeV6N6JVK71jd8hcSLMp6l1B31LiCIHDh4Ut1//PjxJbSj/dOmTWN4CxAAAMBI0LAEAACjmjFjRspNbUQiIRk5vC+f4ViMkiWKkrGjB6j7/d8FkkOHTxOO49Tbq0OHDv0qV668mecQAQAAsg0NSwAAMJo1a9bc0/Q3a1qfeHt58hmOxXIvWYyMGdWfLFu+QT1Mz/CiYQkAADkZGpYAAGA0iYmJdpr+U6cvoWGZiZev3qb0h4eHl+ExFAAAAIOhYQkAFqFcUYebLasXXas9zGc8kD0ikUiqPUzPyLVq2ZiU8XTnKSLLpDlTqUGfj8lTKAAAAEaBhiUAWITa3gX20Y7vOMA4XF2dSVhYhLr/2PFzRPNQx28b1yU+FcryFxhPPn0OJWfPXiEhoeEp4xiGIfnsbNmY2DiBtbV1JH/RAQAAGA4NSwAAMAnNjWro3VCPnzhPZLJEcvbcFXWnUbRIIeJbswopVqwwX2EaXXx8Arl05RZ58eJ1utNr1qhCavlWVfdv37GfUzUszRkeAACASaBhCQAAJkXvhjpsSO+U4ZiYOHLp8k3i99qfBH0IJv/tP55qfisrMbGxtiYCoYCUKlWC1KxeSTXOytxhZ+rZcz/y8OEzIpXK1MNR0THpzleoUH5V/JWJu3txc4YHAABgdmhYAgCAWdnb25HWrRp/Nf7ho2fkyZOXJDFRrh6OiIhSdY/I3buPMi3P0cHe6DFm1FDMaP1OTg6kRPEi6ud0SiSW1QgGAAAwBzQsAQDAIlSq6K3u9JEglZI7dx6Rt/7vCatkjR4LbSy6ubmQmjUqk/z5XY1ePgAAQG6DhiUAWISXQdE133yMqaIZ9ihsf78s7gwLGaA/la1Xt4a6AwAAAP6hYQkAFuHqs88dd1/yn6wZ7lrffT4algAAAAA5AxqWAAAAAAAAYBA0LAEAAAAAAMAgaFgCAAAAAACAQdCwBAAA/kTvI729fyDHEiWkQJmypIhN8nhOQRKiQkhgUBiJU3CEMALi4P0d+W3ZTDKwigNh9CmDcESZGEdCAt+TTzEK1ZCA2FcZRrbt+YnUc0pVAgAAABgIDUsAAOCfsCjpsXw/mV4tg7SU8IKsH/Q9+alpRTK5SBey6fxi0tqFyUIZMnJhYgPSeeMq0nVQMXJ/z/ekINqWAAAARoOGJQAAWD6bcmTQ9mvEd2Fb8u3CPWRApxLk3JlxpLxQz+XZMPLWP5pwjIiUq12duKFRCQAAYFRoWAKARShX1OFmy+pF12oP8xkPWCIRKd+zG6mxZAa59uIUOeY3mpQvp9WyVLwhy5qXJsvSWZKxKUYaDVpIrm5sS8rlQ6sSAADA2NCwBACLUNu7wD7a8R0HWDZOJiMyTtXDiIm1JE0DUeRBxh49le5PYRNDH5Dds/5HmpQaQ5RlB5CdR6eSho5oYAIAABgLGpYAAJBDxJMLKzaS+3KGSBp1IZ1LCvRe0sqtMum99AjxdGxM2q7cQHqOqkSeb+1IHEwYLQAAQF6ChiUAAFg8LuIGmd19AFlyN55Y+YwmR7f1JoWyesIx8QU5e+EDURIBKVaqGLHRvQQAAADoCQ1LALBYR24Fjlh5+PnK7C7fqFKh7ZM6+/TWd/7zD4N7Ldr7eFt211ejrNuR6b2rtNV3/lsvQ9tM33b/cHbXV6GE0+WFg6rX13f+JwGR9f63/vYlU5RtMGUQ2Tm6A7mo/agQaRT58C6IhEvZpEeFlO9Ill6YRb6vYKdnGbQYJZFGfyYB78NIvJIjjI0H6briH/JX91JEbOK3BAAAkJegYQkAAPxx6Ei2BXXkvwwAAAAwCBqWAGCx2tQotop25lofPcNJO3Otj57hPDKjqdnuIEPPQppzfQAAAJB3oGEJAAAAAAAABkHDEgAAAAAAAAyChiUAAAAAAAAYBA1LAAAwGoFAoKSvYWERZMfOA6Rnj+/4DsmihYZFCPmOAQAAwBjQsAQAAKMZNmxY1TVr1twLDg6uEhIaTpYt30BatmhEypYpxXdoFuXe/Sfk0uWbnKqXUVE2bdr0Z75jAgAAMAQalgAAYFS0cfn48eMee/fu3UGHj584r+6qf1OJ1Kn9Dd/h8ebdu0By4NCplGFVg5Jr27bt0GrVqq3jMSwAAACjQMMSAACMzsfHZyft/P39G//3339bYmJiit6+85DQTqNcWQ9Sr24NYmdny2OkpsFxHLl1+wG5/+ApJ5XKvnrES8uWLcf5+vou4yM2AAAAU0DDEgAATMbd3f3c+PHji2mGg4KCfE+fPj1f1eBs9OLlG0I7bY4O9upXJ2cHUtv3G1KggKt5A84CVYOR3Lh5j7wLCKINSWVUVEx610syrq6uL1WNyKU1atRYafYgAQAAzAQNSwAAMJuiRYve6NevX2PtcVFRUSVpY1PV6KxJhyMiIjyiomPIu3dBGZbj6GgvJ5w6h311NpByc3MhNapXUjVM3TIsI0EqJbdvP1SvR6lUfj0DQ1QjGbmq0chGR8dkelrV2dn5naoj9vb2H+rXrz/X09PzWGbzAwAA5DZoWAIAAK8cHR3fde7cuaeu+Z4/f97x6tWrE2JjYwtnNp+mYfr6zTu9Y1A1Ct9kNr1AgQLxXl5e++rVq7dALBbH6V0wAABAHvF/JQDaHfqcZQoAAAAASUVORK5CYII=', 'png', 'proposta');

--
-- Extraindo dados da tabela `campo_imagem`
--

INSERT INTO `campo_imagem` (`id_campo`, `nome_campo`, `tipo`) VALUES
(1, 'Logo', 'img'),
(2, 'Carrossel', 'car');

--
-- Extraindo dados da tabela `cargo`
--

INSERT INTO `cargo` (`id_cargo`, `cargo`) VALUES
(2, 'Administrador'),
(4, 'Coordenação Cozinha'),
(3, 'Nutricionista');

--
-- Extraindo dados da tabela `categoria_produto`
--

INSERT INTO `categoria_produto` (`id_categoria_produto`, `descricao_categoria`) VALUES
(2, 'Alimentos');

--
-- Extraindo dados da tabela `despacho`
--

INSERT INTO `despacho` (`id_despacho`, `id_memorando`, `id_remetente`, `id_destinatario`, `texto`, `data`) VALUES
(1, 1, 6, 8, 'Mensagem do Admin para Marta.\r\nCom arquivo anexo.', '2020-06-16 21:31:00'),
(2, 2, 7, 8, 'É importante questionar o quanto a revolução dos costumes estimula a padronização dos níveis de motivação departamental. Acima de tudo, é fundamental ressaltar que a percepção das dificuldades causa impacto indireto na reavaliação dos conhecimentos estratégicos para atingir a excelência. Nunca é demais lembrar o peso e o significado destes problemas, uma vez que o início da atividade geral de formação de atitudes é uma das consequências das formas de ação. Neste sentido, a consulta aos diversos militantes exige a precisão e a definição das diretrizes de desenvolvimento para o futuro.\r\n\r\n          A nível organizacional, a necessidade de renovação processual auxilia a preparação e a composição das condições financeiras e administrativas exigidas. No mundo atual, a determinação clara de objetivos prepara-nos para enfrentar situações atípicas decorrentes do impacto na agilidade decisória. A prática cotidiana prova que a constante divulgação das informações representa uma abertura para a melhoria do remanejamento dos quadros funcionais. É claro que o fenômeno da Internet facilita a criação do sistema de participação geral. Todas estas questões, devidamente ponderadas, levantam dúvidas sobre se a expansão dos mercados mundiais ainda não demonstrou convincentemente que vai participar na mudança das regras de conduta normativas.\r\n', '2020-06-16 22:05:59'),
(3, 3, 7, 8, '18 14:23', '2020-06-18 17:23:26');

--
-- Extraindo dados da tabela `destino`
--

INSERT INTO `destino` (`id_destino`, `nome_destino`, `cnpj`, `cpf`, `telefone`) VALUES
(2, 'Cozinha do LAJE', '00.068.903/0001-04', '', '(22)25225-130'),
(3, 'Mercado Luz e Vida ', '01.399.122/0001-65', '', '(22)98132-3015');

--
-- Extraindo dados da tabela `entrada`
--

INSERT INTO `entrada` (`id_entrada`, `id_origem`, `id_almoxarifado`, `id_tipo`, `id_responsavel`, `data`, `hora`, `valor_total`) VALUES
(1, 2, 2, 2, 9, '2020-06-08', '11:10:00', '4.39'),
(2, 2, 2, 2, 9, '2020-06-08', '11:12:00', '57.75'),
(3, 2, 2, 2, 9, '2020-06-08', '11:14:00', '17.56'),
(4, 2, 2, 2, 9, '2020-06-08', '11:14:00', '17.56'),
(5, 2, 2, 2, 9, '2020-06-08', '11:17:00', '65.85'),
(6, 2, 2, 2, 9, '2020-06-08', '11:19:00', '4.29'),
(7, 2, 2, 2, 9, '2020-06-08', '11:22:00', '95.76'),
(8, 2, 2, 2, 9, '2020-06-08', '11:24:00', '60.64'),
(9, 2, 2, 2, 9, '2020-06-08', '11:25:00', '47.88'),
(10, 2, 2, 2, 9, '2020-06-08', '11:26:00', '7.78'),
(11, 2, 2, 2, 9, '2020-06-08', '11:32:00', '20.79'),
(12, 2, 2, 2, 9, '2020-06-08', '11:34:00', '53.90'),
(13, 2, 2, 2, 9, '2020-06-08', '11:37:00', '136.44'),
(14, 2, 2, 2, 9, '2020-06-08', '11:38:00', '11.97'),
(15, 2, 2, 2, 9, '2020-06-08', '11:39:00', '8.78'),
(16, 2, 2, 2, 9, '2020-06-08', '11:39:00', '3.89'),
(17, 2, 2, 2, 9, '2020-06-08', '11:43:00', '85.80'),
(18, 2, 2, 2, 9, '2020-06-08', '11:44:00', '263.40'),
(19, 2, 2, 2, 9, '2020-06-08', '11:45:00', '38.88'),
(20, 2, 2, 2, 9, '2020-06-08', '11:46:00', '17.96'),
(21, 2, 2, 2, 9, '2020-06-08', '11:46:00', '100.59'),
(22, 2, 2, 2, 9, '2020-06-08', '11:47:00', '36.57'),
(23, 2, 2, 2, 9, '2020-06-08', '11:48:00', '24.08'),
(24, 2, 2, 2, 9, '2020-06-08', '11:48:00', '12.15'),
(25, 2, 2, 2, 9, '2020-06-08', '11:49:00', '16.76'),
(26, 2, 2, 2, 9, '2020-06-08', '11:51:00', '4.19'),
(27, 2, 2, 2, 9, '2020-06-08', '11:52:00', '4.69'),
(28, 2, 2, 2, 9, '2020-06-08', '11:59:00', '4.49'),
(29, 2, 2, 2, 9, '2020-06-08', '11:59:00', '9.99'),
(30, 2, 2, 2, 9, '2020-06-08', '12:04:00', '69.72'),
(31, 2, 2, 2, 9, '2020-06-08', '12:06:00', '36.12'),
(32, 2, 2, 2, 9, '2020-06-08', '12:07:00', '29.00'),
(33, 2, 2, 2, 9, '2020-06-08', '12:10:00', '25.30'),
(34, 2, 2, 2, 9, '2020-06-08', '12:13:00', '8.40'),
(35, 2, 2, 2, 9, '2020-06-08', '12:14:00', '6.00'),
(36, 2, 2, 2, 9, '2020-06-08', '12:16:00', '2.49'),
(37, 2, 2, 2, 9, '2020-06-08', '12:19:00', '2.49'),
(38, 2, 2, 2, 9, '2020-06-08', '12:21:00', '11.34'),
(39, 2, 2, 2, 9, '2020-06-08', '12:39:00', '1.87'),
(40, 2, 2, 2, 9, '2020-06-08', '12:40:00', '1.87'),
(41, 2, 2, 2, 9, '2020-06-08', '12:41:00', '3.38'),
(42, 2, 2, 2, 9, '2020-06-08', '12:42:00', '4.38'),
(43, 2, 2, 2, 9, '2020-06-08', '13:02:00', '0.99'),
(44, 2, 2, 2, 9, '2020-06-08', '13:03:00', '1.85'),
(45, 2, 2, 2, 9, '2020-06-08', '13:04:00', '8.40'),
(46, 2, 2, 2, 9, '2020-06-08', '14:23:00', '3.79'),
(47, 2, 2, 2, 9, '2020-06-08', '14:24:00', '3.79'),
(48, 2, 2, 2, 9, '2020-06-08', '14:36:00', '76.64'),
(49, 2, 2, 2, 9, '2020-06-08', '14:37:00', '6.70'),
(50, 2, 2, 2, 9, '2020-06-08', '14:41:00', '195.50'),
(51, 2, 2, 2, 9, '2020-06-08', '14:44:00', '6.58'),
(52, 2, 2, 2, 9, '2020-06-08', '14:45:00', '4.25'),
(53, 2, 2, 2, 9, '2020-06-08', '14:46:00', '7.99'),
(54, 2, 2, 2, 9, '2020-06-08', '14:46:00', '3.79'),
(55, 2, 2, 2, 9, '2020-06-08', '14:47:00', '3.79'),
(56, 2, 2, 2, 9, '2020-06-08', '14:47:00', '1.99'),
(57, 2, 2, 2, 9, '2020-06-08', '14:48:00', '1.45'),
(58, 2, 2, 2, 9, '2020-06-08', '14:48:00', '2.76'),
(59, 2, 2, 2, 9, '2020-06-08', '14:50:00', '89.82'),
(60, 2, 2, 2, 9, '2020-06-08', '14:52:00', '9.98'),
(61, 2, 2, 2, 9, '2020-06-08', '15:07:00', '9.90'),
(62, 2, 2, 2, 9, '2020-06-08', '15:08:00', '10.38'),
(63, 2, 2, 2, 9, '2020-06-08', '15:09:00', '9.78'),
(64, 2, 2, 2, 9, '2020-06-08', '15:10:00', '34.50'),
(65, 2, 2, 2, 9, '2020-06-08', '15:12:00', '3.30'),
(66, 2, 2, 2, 9, '2020-06-08', '15:14:00', '25.13'),
(67, 2, 2, 2, 9, '2020-06-08', '15:15:00', '2.99'),
(68, 2, 2, 2, 9, '2020-06-08', '16:11:00', '19.12'),
(69, 2, 2, 2, 9, '2020-06-08', '16:13:00', '22.24'),
(70, 2, 2, 2, 9, '2020-06-08', '16:15:00', '17.85'),
(71, 2, 2, 2, 9, '2020-06-08', '16:18:00', '26.40'),
(72, 2, 2, 2, 9, '2020-06-08', '16:19:00', '27.12'),
(73, 2, 2, 2, 9, '2020-06-08', '16:20:00', '123.00'),
(74, 2, 2, 2, 9, '2020-06-08', '16:21:00', '20.34'),
(75, 2, 2, 2, 9, '2020-06-11', '12:17:00', '441.00'),
(76, 2, 2, 2, 9, '2020-06-11', '12:27:00', '269.88'),
(77, 2, 2, 2, 9, '2020-06-11', '12:28:00', '552.21'),
(78, 2, 2, 2, 9, '2020-06-11', '12:29:00', '27.56'),
(79, 2, 2, 2, 9, '2020-06-11', '12:30:00', '102.24'),
(80, 2, 2, 2, 9, '2020-06-11', '12:31:00', '476.47'),
(81, 2, 2, 2, 9, '2020-06-11', '12:32:00', '55.93'),
(82, 2, 2, 2, 9, '2020-06-11', '12:33:00', '12.98'),
(83, 2, 2, 2, 9, '2020-06-11', '12:43:00', '206.77'),
(84, 2, 2, 2, 9, '2020-06-11', '12:44:00', '13.90'),
(85, 2, 2, 2, 9, '2020-06-11', '12:50:00', '13.12'),
(86, 2, 2, 2, 9, '2020-06-11', '12:51:00', '14.38'),
(87, 2, 2, 2, 9, '2020-06-11', '12:52:00', '163.02'),
(88, 2, 2, 2, 9, '2020-06-11', '12:55:00', '125.82'),
(89, 2, 2, 2, 9, '2020-06-11', '13:01:00', '26.91'),
(90, 2, 2, 2, 9, '2020-06-11', '13:29:00', '103.55'),
(91, 2, 2, 2, 9, '2020-06-11', '13:31:00', '52.85'),
(92, 2, 2, 2, 9, '2020-06-11', '13:32:00', '34.95'),
(93, 2, 2, 2, 9, '2020-06-11', '13:37:00', '52.72'),
(94, 2, 2, 2, 9, '2020-06-11', '13:38:00', '13.90'),
(95, 2, 2, 2, 9, '2020-06-11', '13:42:00', '567.00'),
(96, 2, 2, 2, 9, '2020-06-11', '13:46:00', '416.92'),
(97, 2, 2, 2, 9, '2020-06-11', '14:02:00', '449.70'),
(98, 2, 2, 2, 9, '2020-06-11', '14:03:00', '29.98'),
(99, 2, 2, 2, 9, '2020-06-11', '14:07:00', '14.70'),
(100, 2, 2, 2, 9, '2020-06-11', '14:19:00', '89.94'),
(101, 2, 2, 2, 9, '2020-06-11', '14:22:00', '20.99'),
(102, 2, 2, 2, 9, '2020-06-11', '14:26:00', '16.98'),
(103, 2, 2, 2, 9, '2020-06-11', '14:34:00', '14.99'),
(104, 2, 2, 2, 9, '2020-06-11', '14:38:00', '13.99'),
(105, 2, 2, 2, 9, '2020-06-11', '14:39:00', '31.90'),
(106, 2, 2, 2, 9, '2020-06-11', '14:40:00', '8.99'),
(107, 2, 2, 2, 9, '2020-06-11', '14:41:00', '5.79'),
(108, 2, 2, 2, 9, '2020-06-11', '14:50:00', '9.95'),
(109, 2, 2, 2, 9, '2020-06-11', '14:58:00', '65.01'),
(110, 2, 2, 2, 9, '2020-06-11', '15:00:00', '56.05'),
(111, 2, 2, 2, 9, '2020-06-11', '15:01:00', '51.00'),
(112, 2, 2, 2, 9, '2020-06-11', '15:07:00', '592.20'),
(113, 2, 2, 2, 9, '2020-06-11', '15:09:00', '2882.04'),
(114, 2, 2, 2, 9, '2020-06-11', '15:10:00', '157.92'),
(115, 2, 2, 2, 9, '2020-06-11', '15:10:00', '143.52'),
(116, 2, 2, 2, 9, '2020-06-11', '15:17:00', '102.96'),
(117, 2, 2, 2, 9, '2020-06-11', '15:18:00', '10.76'),
(118, 2, 2, 2, 9, '2020-06-11', '15:20:00', '32.25'),
(119, 2, 2, 2, 9, '2020-06-11', '15:22:00', '527.88'),
(120, 2, 2, 2, 9, '2020-06-11', '15:34:00', '4.99'),
(121, 2, 2, 2, 9, '2020-06-11', '15:41:00', '49.90'),
(122, 2, 2, 2, 9, '2020-06-11', '15:44:00', '231.40'),
(123, 2, 2, 2, 9, '2020-06-11', '15:53:00', '83.70'),
(124, 2, 2, 2, 9, '2020-06-11', '15:59:00', '138.00'),
(125, 2, 2, 2, 9, '2020-06-11', '16:03:00', '3.45'),
(126, 2, 2, 2, 9, '2020-06-11', '16:04:00', '49.27'),
(127, 2, 2, 2, 9, '2020-06-11', '16:06:00', '45.80'),
(128, 2, 2, 2, 9, '2020-06-11', '16:07:00', '17.90'),
(129, 2, 2, 2, 9, '2020-06-11', '16:11:00', '6.45'),
(130, 2, 2, 2, 9, '2020-06-11', '16:15:00', '3.49'),
(131, 2, 2, 2, 9, '2020-06-11', '16:20:00', '1.99'),
(132, 2, 2, 2, 9, '2020-06-11', '16:27:00', '16.25'),
(133, 2, 2, 2, 9, '2020-06-11', '16:29:00', '237.25'),
(134, 2, 2, 2, 9, '2020-06-11', '16:31:00', '503.72'),
(135, 2, 2, 2, 9, '2020-06-11', '16:31:00', '25.58'),
(136, 2, 2, 2, 9, '2020-06-11', '16:34:00', '27.90'),
(137, 2, 2, 2, 9, '2020-06-11', '16:41:00', '83.80'),
(138, 2, 2, 2, 9, '2020-06-11', '16:45:00', '47.43'),
(139, 2, 2, 2, 9, '2020-06-11', '16:56:00', '95.41'),
(140, 2, 2, 2, 9, '2020-06-11', '16:56:00', '21.90'),
(141, 2, 2, 2, 9, '2020-06-11', '16:58:00', '56.68'),
(142, 2, 2, 2, 9, '2020-06-11', '17:00:00', '47.43'),
(143, 2, 2, 2, 9, '2020-06-11', '17:06:00', '98.40'),
(144, 2, 2, 2, 9, '2020-06-11', '17:32:00', '76.50'),
(145, 2, 2, 2, 9, '2020-06-11', '17:33:00', '46.00'),
(146, 2, 2, 2, 9, '2020-06-11', '17:40:00', '102.50'),
(147, 2, 2, 2, 9, '2020-06-11', '17:41:00', '10.50'),
(148, 2, 2, 2, 9, '2020-06-11', '17:43:00', '44.66'),
(149, 2, 2, 2, 9, '2020-06-11', '17:47:00', '26.80'),
(150, 2, 2, 2, 9, '2020-06-11', '17:49:00', '8.99'),
(151, 2, 2, 2, 9, '2020-06-11', '17:50:00', '26.53'),
(152, 2, 2, 2, 9, '2020-06-11', '17:52:00', '14.50'),
(153, 2, 2, 2, 9, '2020-06-12', '06:55:00', '69.00'),
(154, 2, 2, 2, 9, '2020-06-12', '07:05:00', '30.11'),
(155, 2, 2, 2, 9, '2020-06-12', '07:26:00', '3.99'),
(156, 2, 2, 2, 9, '2020-06-12', '07:29:00', '4.69'),
(157, 2, 2, 2, 9, '2020-06-12', '07:31:00', '4.90'),
(158, 2, 2, 2, 9, '2020-06-12', '07:32:00', '154.00'),
(159, 2, 2, 2, 9, '2020-06-12', '07:37:00', '249.75'),
(160, 2, 2, 2, 9, '2020-06-12', '07:49:00', '39.92'),
(161, 2, 2, 2, 9, '2020-06-12', '07:51:00', '39.16'),
(162, 2, 2, 2, 9, '2020-06-12', '07:51:00', '10.50'),
(163, 2, 2, 2, 9, '2020-06-12', '07:52:00', '16.96'),
(164, 2, 2, 2, 9, '2020-06-12', '07:59:00', '56.25'),
(165, 2, 2, 2, 9, '2020-06-12', '08:04:00', '30.57'),
(166, 2, 2, 2, 9, '2020-06-12', '08:05:00', '28.17'),
(167, 2, 2, 2, 9, '2020-06-12', '08:08:00', '130.35'),
(168, 2, 2, 2, 9, '2020-06-12', '08:09:00', '71.70'),
(169, 2, 2, 2, 9, '2020-06-12', '08:16:00', '19.58'),
(170, 2, 2, 2, 9, '2020-06-12', '08:17:00', '26.37'),
(171, 2, 2, 2, 9, '2020-06-12', '08:18:00', '31.16'),
(172, 2, 2, 2, 9, '2020-06-12', '08:24:00', '4.98'),
(173, 2, 2, 2, 9, '2020-06-12', '08:49:00', '90.74'),
(174, 2, 2, 2, 9, '2020-06-12', '08:51:00', '83.76'),
(175, 2, 2, 2, 9, '2020-06-12', '08:54:00', '349.50'),
(176, 2, 2, 2, 9, '2020-06-12', '08:58:00', '62.91'),
(177, 2, 2, 2, 9, '2020-06-12', '09:03:00', '19.98'),
(178, 2, 2, 2, 9, '2020-06-12', '09:16:00', '566.19'),
(179, 2, 2, 2, 9, '2020-06-12', '09:24:00', '27.93'),
(180, 2, 2, 2, 9, '2020-06-12', '09:27:00', '82.35'),
(181, 2, 2, 2, 9, '2020-06-12', '09:32:00', '183.77'),
(182, 2, 2, 2, 9, '2020-06-12', '09:38:00', '67.83'),
(183, 2, 2, 2, 9, '2020-06-12', '09:45:00', '35.80'),
(184, 2, 2, 2, 9, '2020-06-12', '09:49:00', '474.35'),
(185, 2, 2, 2, 9, '2020-06-12', '10:04:00', '77.00'),
(186, 2, 2, 2, 9, '2020-06-12', '10:05:00', '14.90'),
(187, 2, 2, 2, 9, '2020-06-12', '10:06:00', '18.98'),
(188, 2, 2, 2, 9, '2020-06-12', '10:10:00', '26.94'),
(189, 2, 2, 2, 9, '2020-06-12', '10:12:00', '20.97'),
(190, 2, 2, 2, 9, '2020-06-12', '10:24:00', '18.98'),
(191, 2, 2, 2, 9, '2020-06-12', '10:29:00', '534.00'),
(192, 2, 2, 2, 9, '2020-06-12', '10:56:00', '203.76'),
(193, 2, 2, 2, 9, '2020-06-12', '11:03:00', '7.98'),
(194, 2, 2, 2, 9, '2020-06-12', '11:04:00', '8.99'),
(195, 2, 2, 2, 9, '2020-06-12', '11:05:00', '15.99'),
(196, 2, 2, 2, 9, '2020-06-12', '11:11:00', '14.99'),
(197, 2, 2, 2, 9, '2020-06-12', '11:15:00', '871.38'),
(198, 2, 2, 2, 9, '2020-06-12', '11:29:00', '88.45'),
(199, 2, 2, 2, 9, '2020-06-12', '11:32:00', '54.64'),
(200, 2, 2, 2, 9, '2020-06-12', '11:35:00', '6.21'),
(201, 2, 2, 2, 9, '2020-06-12', '11:38:00', '34.78'),
(202, 2, 2, 2, 9, '2020-06-12', '11:40:00', '27.78'),
(203, 2, 2, 2, 9, '2020-06-12', '11:51:00', '25.57'),
(204, 2, 2, 2, 9, '2020-06-12', '11:52:00', '120.47'),
(205, 2, 2, 2, 9, '2020-06-12', '12:01:00', '226.98'),
(206, 2, 2, 2, 9, '2020-06-12', '12:13:00', '27.85'),
(207, 2, 2, 2, 9, '2020-06-12', '12:15:00', '36.41'),
(208, 2, 2, 2, 9, '2020-06-12', '12:27:00', '171.11'),
(209, 2, 2, 2, 9, '2020-06-12', '12:29:00', '42.33'),
(210, 2, 2, 2, 9, '2020-06-12', '12:40:00', '9.63'),
(211, 2, 2, 2, 9, '2020-06-12', '12:56:00', '11.45'),
(212, 2, 2, 2, 9, '2020-06-12', '14:04:00', '19.81'),
(213, 2, 2, 2, 9, '2020-06-12', '14:10:00', '259.60'),
(214, 2, 2, 2, 9, '2020-06-12', '14:17:00', '241.78'),
(215, 2, 2, 2, 9, '2020-06-12', '14:21:00', '379.97'),
(216, 2, 2, 2, 9, '2020-06-12', '14:55:00', '356.12'),
(217, 2, 2, 2, 9, '2020-06-12', '15:28:00', '339.65'),
(218, 2, 2, 2, 9, '2020-06-12', '15:50:00', '476.05'),
(219, 2, 2, 2, 9, '2020-06-12', '16:29:00', '9.19'),
(220, 2, 2, 2, 9, '2020-06-13', '13:26:00', '194.21'),
(221, 2, 2, 2, 9, '2020-06-13', '13:28:00', '68.08'),
(222, 2, 2, 2, 9, '2020-06-13', '13:30:00', '51.32'),
(223, 2, 2, 2, 9, '2020-06-13', '13:32:00', '3.52'),
(224, 2, 2, 2, 9, '2020-06-13', '13:39:00', '49.64'),
(225, 2, 2, 2, 9, '2020-06-13', '13:51:00', '71.82'),
(226, 2, 2, 2, 9, '2020-06-13', '13:51:00', '7.56'),
(227, 2, 2, 2, 9, '2020-06-13', '13:54:00', '219.16'),
(228, 2, 2, 2, 9, '2020-06-13', '13:55:00', '16.49'),
(229, 2, 2, 2, 9, '2020-06-13', '17:00:00', '1.89'),
(230, 2, 2, 2, 9, '2020-06-13', '17:04:00', '1.89'),
(231, 2, 2, 2, 9, '2020-06-16', '08:54:00', '111.85'),
(232, 2, 2, 2, 9, '2020-06-16', '09:31:00', '25.47'),
(233, 2, 2, 2, 9, '2020-06-16', '09:37:00', '77.09'),
(234, 2, 2, 2, 9, '2020-06-16', '09:47:00', '17.85'),
(235, 2, 2, 2, 9, '2020-06-16', '09:52:00', '4.25'),
(236, 2, 2, 2, 9, '2020-06-16', '10:03:00', '207.00'),
(237, 2, 2, 4, 9, '2020-06-16', '10:55:00', '16.14'),
(238, 2, 2, 2, 9, '2020-06-16', '11:10:00', '118.44'),
(239, 2, 2, 2, 9, '2020-06-16', '11:16:00', '23.17'),
(240, 2, 2, 2, 9, '2020-06-16', '11:33:00', '100.97'),
(241, 2, 2, 2, 9, '2020-06-16', '11:35:00', '20.23'),
(242, 2, 2, 2, 9, '2020-06-16', '11:58:00', '66.98'),
(243, 2, 2, 2, 9, '2020-06-16', '12:04:00', '203.22'),
(244, 2, 2, 2, 9, '2020-06-16', '12:06:00', '144.05'),
(245, 2, 2, 2, 9, '2020-06-16', '12:13:00', '45.42'),
(246, 2, 2, 2, 9, '2020-06-16', '12:22:00', '48.74'),
(247, 2, 2, 2, 9, '2020-06-16', '12:30:00', '7.18'),
(248, 2, 2, 2, 9, '2020-06-16', '12:32:00', '7.58');

--
-- Extraindo dados da tabela `estoque`
--

INSERT INTO `estoque` (`id_produto`, `id_almoxarifado`, `qtd`) VALUES
(2, 2, 51),
(3, 2, 24),
(4, 2, 6),
(5, 2, 51),
(12, 2, 15),
(14, 2, 21),
(16, 2, 6),
(17, 2, 12),
(19, 2, 6),
(21, 2, 177),
(23, 2, 45),
(26, 2, 6),
(27, 2, 6),
(34, 2, 42),
(38, 2, 100),
(39, 2, 45),
(41, 2, 90),
(42, 2, 39),
(43, 2, 60),
(44, 2, 264),
(45, 2, 18),
(47, 2, 3),
(48, 2, 50),
(49, 2, 6),
(50, 2, 171),
(51, 2, 84),
(53, 2, 6),
(54, 2, 66),
(55, 2, 3),
(56, 2, 27),
(57, 2, 90),
(58, 2, 6),
(60, 2, 150),
(61, 2, 6),
(64, 2, 15),
(65, 2, 81),
(66, 2, 39),
(67, 2, 45),
(68, 2, 30),
(71, 2, 102),
(73, 2, 21),
(75, 2, 42),
(76, 2, 12),
(77, 2, 54),
(78, 2, 9),
(79, 2, 6),
(80, 2, 30),
(81, 2, 45),
(82, 2, 6),
(83, 2, 6),
(84, 2, 9),
(89, 2, 9),
(90, 2, 6),
(91, 2, 21),
(94, 2, 18),
(95, 2, 45),
(96, 2, 9),
(97, 2, 3),
(98, 2, 75),
(99, 2, 74),
(102, 2, 84),
(103, 2, 158),
(105, 2, 6),
(106, 2, 306),
(107, 2, 15),
(108, 2, 75),
(109, 2, 19),
(110, 2, 12),
(112, 2, 30),
(122, 2, 6),
(123, 2, 90),
(124, 2, 3),
(125, 2, 65),
(126, 2, 18),
(127, 2, 12),
(128, 2, 6),
(129, 2, 21),
(130, 2, 114),
(132, 2, 30),
(133, 2, 84),
(135, 2, 12),
(136, 2, 6),
(137, 2, 260),
(139, 2, 27),
(140, 2, 12),
(141, 2, 183),
(142, 2, 9),
(143, 2, 6),
(144, 2, 111),
(145, 2, 54),
(146, 2, 28),
(150, 2, 19),
(155, 2, 8),
(158, 2, 15),
(159, 2, 12),
(162, 2, 57),
(164, 2, 33),
(165, 2, 30),
(166, 2, 160),
(168, 2, 281),
(169, 2, 9),
(170, 2, 121),
(171, 2, 272),
(173, 2, 63),
(174, 2, 48),
(175, 2, 6),
(176, 2, 144),
(178, 2, 6),
(179, 2, 90),
(180, 2, 110),
(181, 2, 18),
(182, 2, 60),
(183, 2, 15),
(184, 2, 29),
(185, 2, 69),
(186, 2, 60),
(187, 2, 9),
(188, 2, 105),
(189, 2, 18),
(190, 2, 6),
(193, 2, 123),
(202, 2, 10),
(203, 2, 8),
(205, 2, 744),
(206, 2, 9),
(207, 2, 24),
(208, 2, 22),
(209, 2, 6),
(211, 2, 8),
(212, 2, 9),
(213, 2, 24),
(214, 2, 42),
(216, 2, 93),
(217, 2, 6),
(224, 2, 624),
(227, 2, 2458),
(228, 2, 144),
(229, 2, 12),
(230, 2, 6),
(231, 2, 3),
(233, 2, 144),
(236, 2, 6),
(237, 2, 6),
(247, 2, 8),
(252, 2, 4),
(253, 2, 20),
(254, 2, 21),
(255, 2, 3),
(256, 2, 3),
(257, 2, 8),
(258, 2, 6),
(259, 2, 3),
(260, 2, 3),
(261, 2, 3),
(262, 2, 3),
(263, 2, 9),
(264, 2, 3),
(265, 2, 6),
(266, 2, 13),
(268, 2, 3),
(269, 2, 6),
(270, 2, 6),
(273, 2, 21),
(274, 2, 12),
(275, 2, 6),
(282, 2, 63),
(283, 2, 48),
(284, 2, 24),
(285, 2, 283),
(286, 2, 173),
(287, 2, 18),
(289, 2, 6),
(290, 2, 12),
(291, 2, 27),
(292, 2, 21),
(294, 2, 24),
(295, 2, 91),
(301, 2, 3),
(302, 2, 6),
(304, 2, 3),
(305, 2, 6),
(308, 2, 72),
(309, 2, 30),
(311, 2, 17),
(312, 2, 3),
(313, 2, 3),
(314, 2, 15),
(315, 2, 60),
(316, 2, 87),
(317, 2, 3),
(318, 2, 75),
(319, 2, 24),
(321, 2, 3),
(322, 2, 12),
(323, 2, 12),
(324, 2, 6),
(325, 2, 9),
(326, 2, 6),
(327, 2, 3),
(328, 2, 33),
(329, 2, 81),
(330, 2, 18),
(331, 2, 9),
(332, 2, 360),
(333, 2, 36),
(334, 2, 15),
(335, 2, 213),
(336, 2, 15),
(337, 2, 27),
(338, 2, 5),
(339, 2, 2),
(340, 2, 4),
(341, 2, 3),
(342, 2, 5),
(343, 2, 17),
(344, 2, 6),
(345, 2, 63),
(346, 2, 42),
(347, 2, 3),
(348, 2, 3),
(349, 2, 12),
(350, 2, 3),
(351, 2, 57),
(352, 2, 3),
(353, 2, 6),
(354, 2, 96),
(355, 2, 6),
(356, 2, 9),
(357, 2, 6),
(358, 2, 9),
(359, 2, 6),
(360, 2, 3),
(361, 2, 3),
(362, 2, 8),
(363, 2, 6),
(364, 2, 50),
(365, 2, 6),
(366, 2, 6),
(367, 2, 54),
(368, 2, 3),
(369, 2, 12),
(370, 2, 3),
(371, 2, 9),
(372, 2, 6),
(373, 2, 3),
(374, 2, 90),
(375, 2, 21),
(376, 2, 6),
(377, 2, 12),
(378, 2, 42),
(379, 2, 6),
(380, 2, 90),
(381, 2, 27),
(382, 2, 18),
(383, 2, 2),
(384, 2, 3),
(385, 2, 3),
(386, 2, 8),
(387, 2, 3),
(388, 2, 6),
(390, 2, 3),
(391, 2, 3),
(392, 2, 2),
(393, 2, 2),
(394, 2, 2),
(395, 2, 12),
(396, 2, 3),
(397, 2, 3),
(398, 2, 8),
(399, 2, 3),
(400, 2, 9),
(401, 2, 6),
(402, 2, 6),
(403, 2, 3),
(404, 2, 12),
(405, 2, 27),
(406, 2, 3),
(407, 2, 3);

--
-- Extraindo dados da tabela `funcionario`
--

INSERT INTO `funcionario` (`id_funcionario`, `id_pessoa`, `id_cargo`, `id_situacao`, `data_admissao`, `pis`, `ctps`, `uf_ctps`, `numero_titulo`, `zona`, `secao`, `certificado_reservista_numero`, `certificado_reservista_serie`) VALUES
(4, 7, 2, 5, '2013-12-19', '', '', '', '', '', '', '', ''),
(5, 8, 3, 5, '2014-12-10', '', '', '', '', '', '', '', ''),
(6, 9, 4, 5, '1901-01-01', '', '', '', '', '', '', '', '');

--
-- Extraindo dados da tabela `ientrada`
--

INSERT INTO `ientrada` (`id_ientrada`, `id_entrada`, `id_produto`, `qtd`, `valor_unitario`) VALUES
(1, 1, 171, 1, '4.39'),
(2, 2, 168, 15, '3.85'),
(3, 3, 171, 4, '4.39'),
(4, 4, 171, 4, '4.39'),
(5, 5, 171, 15, '4.39'),
(6, 6, 173, 1, '4.29'),
(7, 7, 170, 24, '3.99'),
(8, 8, 166, 16, '3.79'),
(9, 9, 170, 12, '3.99'),
(10, 10, 169, 2, '3.89'),
(11, 11, 254, 7, '2.97'),
(12, 12, 168, 14, '3.85'),
(13, 13, 166, 36, '3.79'),
(14, 14, 170, 3, '3.99'),
(15, 15, 171, 2, '4.39'),
(16, 16, 169, 1, '3.89'),
(17, 17, 173, 20, '4.29'),
(18, 18, 171, 60, '4.39'),
(19, 19, 212, 3, '12.96'),
(20, 20, 209, 2, '8.98'),
(21, 21, 207, 7, '14.37'),
(22, 22, 208, 3, '12.19'),
(23, 23, 190, 2, '12.04'),
(24, 24, 206, 1, '12.15'),
(25, 25, 253, 4, '4.19'),
(26, 26, 253, 1, '4.19'),
(27, 27, 211, 1, '4.69'),
(28, 28, 255, 1, '4.49'),
(29, 29, 256, 1, '9.99'),
(30, 30, 179, 28, '2.49'),
(31, 31, 180, 28, '1.29'),
(32, 32, 182, 20, '1.45'),
(33, 33, 185, 23, '1.10'),
(34, 34, 184, 8, '1.05'),
(35, 35, 183, 5, '1.20'),
(36, 36, 179, 1, '2.49'),
(37, 37, 179, 1, '2.49'),
(38, 38, 181, 6, '1.89'),
(39, 39, 259, 1, '1.87'),
(40, 40, 260, 1, '1.87'),
(41, 41, 257, 2, '1.69'),
(42, 42, 258, 2, '2.19'),
(43, 43, 261, 1, '0.99'),
(44, 44, 262, 1, '1.85'),
(45, 45, 263, 3, '2.80'),
(46, 46, 270, 1, '3.79'),
(47, 47, 269, 1, '3.79'),
(48, 48, 174, 16, '4.79'),
(49, 49, 178, 2, '3.35'),
(50, 50, 176, 46, '4.25'),
(51, 51, 175, 2, '3.29'),
(52, 52, 176, 1, '4.25'),
(53, 53, 268, 1, '7.99'),
(54, 54, 269, 1, '3.79'),
(55, 55, 270, 1, '3.79'),
(56, 56, 266, 1, '1.99'),
(57, 57, 264, 1, '1.45'),
(58, 58, 265, 2, '1.38'),
(59, 59, 186, 18, '4.99'),
(60, 60, 186, 2, '4.99'),
(61, 61, 274, 3, '3.30'),
(62, 62, 187, 2, '5.19'),
(63, 63, 275, 2, '4.89'),
(64, 64, 188, 5, '6.90'),
(65, 65, 274, 1, '3.30'),
(66, 66, 273, 7, '3.59'),
(67, 67, 189, 1, '2.99'),
(68, 68, 284, 8, '2.39'),
(69, 69, 282, 16, '1.39'),
(70, 70, 213, 7, '2.55'),
(71, 71, 283, 16, '1.65'),
(72, 72, 214, 8, '3.39'),
(73, 73, 216, 30, '4.10'),
(74, 74, 214, 6, '3.39'),
(75, 75, 106, 90, '4.90'),
(76, 76, 286, 26, '5.19'),
(77, 76, 286, 26, '5.19'),
(78, 77, 285, 79, '6.99'),
(79, 78, 110, 4, '6.89'),
(80, 79, 39, 16, '6.39'),
(81, 80, 103, 53, '8.99'),
(82, 81, 109, 7, '7.99'),
(83, 82, 105, 2, '6.49'),
(84, 83, 102, 23, '8.99'),
(85, 84, 287, 2, '6.95'),
(86, 85, 290, 4, '3.28'),
(87, 86, 289, 2, '7.19'),
(88, 87, 38, 38, '4.29'),
(89, 88, 285, 18, '6.99'),
(90, 89, 291, 9, '2.99'),
(91, 90, 108, 19, '5.45'),
(92, 91, 292, 7, '7.55'),
(93, 92, 107, 5, '6.99'),
(94, 93, 294, 8, '6.59'),
(95, 94, 287, 2, '6.95'),
(96, 95, 295, 30, '18.90'),
(97, 96, 51, 28, '14.89'),
(98, 97, 57, 30, '14.99'),
(99, 98, 58, 2, '14.99'),
(100, 99, 106, 3, '4.90'),
(101, 100, 45, 6, '14.99'),
(102, 101, 301, 1, '20.99'),
(103, 102, 302, 2, '8.49'),
(104, 103, 55, 1, '14.99'),
(105, 104, 304, 1, '13.99'),
(106, 105, 53, 2, '15.95'),
(107, 106, 49, 1, '8.99'),
(108, 107, 47, 1, '5.79'),
(109, 108, 305, 1, '9.95'),
(110, 109, 164, 11, '5.91'),
(111, 110, 162, 19, '2.95'),
(112, 111, 165, 10, '5.10'),
(113, 112, 224, 180, '3.29'),
(114, 113, 227, 876, '3.29'),
(115, 114, 233, 48, '3.29'),
(116, 115, 228, 48, '2.99'),
(117, 116, 308, 24, '4.29'),
(118, 117, 203, 4, '2.69'),
(119, 118, 34, 15, '2.15'),
(120, 119, 205, 212, '2.49'),
(121, 120, 16, 1, '4.99'),
(122, 121, 309, 10, '4.99'),
(123, 122, 21, 52, '4.45'),
(124, 123, 41, 30, '2.79'),
(125, 124, 193, 40, '3.45'),
(126, 125, 193, 1, '3.45'),
(127, 126, 42, 13, '3.79'),
(128, 127, 43, 20, '2.29'),
(129, 128, 112, 10, '1.79'),
(130, 129, 311, 5, '1.29'),
(131, 130, 312, 1, '3.49'),
(132, 131, 313, 1, '1.99'),
(133, 132, 314, 5, '3.25'),
(134, 133, 98, 25, '9.49'),
(135, 134, 99, 28, '17.99'),
(136, 135, 122, 2, '12.79'),
(137, 136, 80, 10, '2.79'),
(138, 137, 315, 20, '4.19'),
(139, 138, 71, 17, '2.79'),
(140, 139, 316, 29, '3.29'),
(141, 140, 90, 2, '10.95'),
(142, 141, 66, 13, '4.36'),
(143, 142, 71, 17, '2.79'),
(144, 143, 317, 1, '4.10'),
(145, 144, 77, 18, '4.25'),
(146, 145, 68, 10, '4.60'),
(147, 146, 318, 25, '4.10'),
(148, 147, 78, 3, '3.50'),
(149, 148, 75, 7, '3.19'),
(150, 148, 75, 7, '3.19'),
(151, 149, 319, 8, '3.35'),
(152, 150, 49, 1, '8.99'),
(153, 151, 73, 7, '3.79'),
(154, 152, 83, 2, '7.25'),
(155, 153, 67, 15, '4.60'),
(156, 154, 82, 2, '3.89'),
(157, 154, 91, 7, '3.19'),
(158, 155, 321, 1, '3.99'),
(159, 156, 211, 1, '4.69'),
(160, 157, 217, 1, '4.90'),
(161, 158, 168, 40, '3.85'),
(162, 159, 65, 25, '9.99'),
(163, 160, 322, 4, '9.98'),
(164, 161, 323, 4, '9.79'),
(165, 162, 324, 2, '5.25'),
(166, 163, 79, 2, '8.48'),
(167, 164, 64, 5, '11.25'),
(168, 165, 325, 3, '10.19'),
(169, 166, 96, 3, '9.39'),
(170, 167, 81, 15, '8.69'),
(171, 168, 94, 6, '11.95'),
(172, 169, 326, 2, '9.79'),
(173, 170, 84, 3, '8.79'),
(174, 171, 76, 4, '7.79'),
(175, 172, 327, 1, '4.98'),
(176, 173, 48, 13, '6.98'),
(177, 174, 48, 12, '6.98'),
(178, 175, 60, 50, '6.99'),
(179, 176, 56, 9, '6.99'),
(180, 177, 65, 2, '9.99'),
(181, 178, 44, 81, '6.99'),
(182, 179, 328, 7, '3.99'),
(183, 180, 95, 15, '5.49'),
(184, 181, 54, 23, '7.99'),
(185, 182, 329, 17, '3.99'),
(186, 183, 50, 4, '8.95'),
(187, 184, 50, 53, '8.95'),
(188, 185, 168, 20, '3.85'),
(189, 186, 202, 2, '7.45'),
(190, 187, 61, 2, '9.49'),
(191, 188, 330, 6, '4.49'),
(192, 189, 89, 3, '6.99'),
(193, 190, 331, 2, '9.49'),
(194, 191, 332, 120, '4.45'),
(195, 192, 333, 1, '16.98'),
(196, 192, 333, 11, '16.98'),
(197, 193, 329, 2, '3.99'),
(198, 194, 102, 1, '8.99'),
(199, 195, 106, 3, '4.90'),
(200, 195, 180, 1, '1.29'),
(201, 196, 334, 1, '14.99'),
(202, 197, 334, 4, '14.99'),
(203, 197, 335, 58, '13.99'),
(204, 198, 337, 9, '6.55'),
(205, 198, 336, 2, '14.75'),
(206, 199, 237, 3, '6.59'),
(207, 199, 236, 3, '6.49'),
(208, 199, 168, 4, '3.85'),
(209, 200, 184, 1, '1.05'),
(210, 200, 180, 4, '1.29'),
(211, 201, 202, 1, '7.45'),
(212, 201, 329, 2, '3.99'),
(213, 201, 150, 2, '1.89'),
(214, 201, 286, 3, '5.19'),
(215, 202, 106, 2, '4.90'),
(216, 202, 102, 2, '8.99'),
(217, 203, 339, 1, '3.29'),
(218, 203, 340, 1, '1.49'),
(219, 203, 338, 1, '2.85'),
(220, 203, 341, 1, '2.39'),
(221, 203, 342, 1, '1.59'),
(222, 203, 344, 1, '4.99'),
(223, 203, 343, 3, '2.99'),
(224, 204, 335, 6, '13.99'),
(225, 204, 208, 2, '12.19'),
(226, 204, 206, 1, '12.15'),
(227, 205, 346, 18, '7.29'),
(228, 205, 345, 21, '4.56'),
(229, 206, 349, 3, '4.49'),
(230, 206, 347, 1, '4.39'),
(231, 206, 348, 1, '9.99'),
(232, 207, 21, 2, '4.45'),
(233, 207, 350, 1, '5.69'),
(234, 207, 14, 2, '3.70'),
(235, 207, 189, 1, '2.99'),
(236, 207, 351, 1, '2.79'),
(237, 207, 352, 1, '6.65'),
(238, 207, 353, 1, '1.99'),
(239, 208, 358, 1, '4.19'),
(240, 208, 180, 1, '1.29'),
(241, 208, 356, 1, '3.30'),
(242, 208, 355, 1, '3.29'),
(243, 208, 168, 2, '3.85'),
(244, 208, 282, 2, '1.39'),
(245, 208, 311, 1, '1.29'),
(246, 208, 357, 2, '5.59'),
(247, 208, 354, 31, '4.39'),
(248, 209, 205, 17, '2.49'),
(249, 210, 360, 1, '2.43'),
(250, 210, 359, 2, '3.60'),
(251, 211, 363, 1, '3.77'),
(252, 211, 362, 2, '3.84'),
(253, 212, 230, 1, '2.42'),
(254, 212, 230, 1, '2.42'),
(255, 212, 371, 3, '4.99'),
(256, 213, 373, 1, '4.39'),
(257, 213, 139, 7, '3.49'),
(258, 213, 374, 20, '1.69'),
(259, 213, 137, 24, '4.69'),
(260, 213, 137, 18, '4.69'),
(261, 214, 369, 3, '3.25'),
(262, 214, 231, 1, '4.19'),
(263, 214, 229, 3, '2.39'),
(264, 214, 132, 1, '2.55'),
(265, 214, 365, 2, '4.39'),
(266, 214, 372, 1, '3.99'),
(267, 214, 361, 1, '7.99'),
(268, 214, 364, 21, '2.37'),
(269, 214, 142, 2, '2.41'),
(270, 214, 135, 3, '1.89'),
(271, 214, 136, 1, '2.50'),
(272, 214, 130, 11, '3.25'),
(273, 214, 145, 3, '2.39'),
(274, 214, 366, 1, '4.49'),
(275, 214, 367, 7, '4.19'),
(276, 214, 130, 1, '3.25'),
(277, 214, 129, 4, '4.29'),
(278, 214, 370, 1, '5.31'),
(279, 214, 375, 5, '4.39'),
(280, 214, 141, 1, '2.95'),
(281, 214, 368, 1, '3.99'),
(282, 214, 369, 1, '3.25'),
(283, 215, 137, 40, '4.69'),
(284, 215, 137, 23, '4.69'),
(285, 215, 130, 26, '3.25'),
(286, 216, 128, 2, '2.99'),
(287, 216, 124, 1, '4.98'),
(288, 216, 126, 6, '3.19'),
(289, 216, 123, 30, '4.99'),
(290, 216, 127, 3, '3.58'),
(291, 216, 125, 25, '2.79'),
(292, 216, 144, 37, '2.59'),
(293, 217, 133, 4, '2.70'),
(294, 217, 376, 2, '4.59'),
(295, 217, 375, 2, '4.39'),
(296, 217, 379, 2, '4.99'),
(297, 217, 378, 14, '3.58'),
(298, 217, 140, 4, '4.29'),
(299, 217, 139, 2, '3.49'),
(300, 217, 141, 20, '2.95'),
(301, 217, 377, 4, '5.20'),
(302, 217, 367, 11, '4.19'),
(303, 217, 127, 1, '3.58'),
(304, 217, 143, 2, '4.39'),
(305, 217, 366, 1, '4.49'),
(306, 217, 129, 2, '4.29'),
(307, 217, 229, 1, '2.39'),
(308, 217, 374, 10, '1.69'),
(309, 217, 132, 9, '2.55'),
(310, 217, 135, 1, '1.89'),
(311, 217, 136, 1, '2.50'),
(312, 217, 142, 1, '2.41'),
(313, 217, 145, 11, '2.39'),
(314, 218, 381, 7, '3.95'),
(315, 218, 133, 24, '2.70'),
(316, 218, 382, 6, '3.95'),
(317, 218, 381, 2, '3.95'),
(318, 218, 380, 30, '7.80'),
(319, 218, 141, 40, '2.95'),
(320, 219, 398, 4, '1.55'),
(321, 219, 397, 1, '2.99'),
(322, 220, 102, 3, '8.99'),
(323, 220, 287, 2, '6.95'),
(324, 220, 106, 8, '4.90'),
(325, 220, 286, 3, '5.19'),
(326, 220, 108, 6, '5.45'),
(327, 220, 205, 20, '2.49'),
(328, 220, 358, 1, '4.19'),
(329, 220, 356, 2, '3.30'),
(330, 220, 355, 1, '3.29'),
(331, 220, 353, 1, '1.99'),
(332, 221, 328, 4, '3.99'),
(333, 221, 44, 1, '6.99'),
(334, 221, 329, 6, '3.99'),
(335, 221, 391, 1, '4.25'),
(336, 221, 331, 1, '9.49'),
(337, 221, 202, 1, '7.45'),
(338, 222, 396, 1, '4.19'),
(339, 222, 150, 7, '1.89'),
(340, 222, 363, 2, '3.77'),
(341, 222, 393, 1, '2.99'),
(342, 222, 362, 2, '3.84'),
(343, 222, 386, 4, '3.20'),
(344, 222, 392, 1, '2.89'),
(345, 223, 394, 1, '3.52'),
(346, 224, 211, 1, '4.69'),
(347, 224, 208, 3, '12.19'),
(348, 224, 253, 2, '4.19'),
(349, 225, 282, 3, '1.39'),
(350, 225, 216, 1, '4.10'),
(351, 225, 354, 1, '4.39'),
(352, 225, 14, 2, '3.70'),
(353, 225, 351, 2, '2.79'),
(354, 225, 21, 5, '4.45'),
(355, 225, 206, 1, '12.15'),
(356, 225, 388, 2, '3.27'),
(357, 225, 384, 1, '1.89'),
(358, 225, 390, 1, '3.35'),
(359, 226, 395, 4, '1.89'),
(360, 227, 335, 8, '13.99'),
(361, 227, 336, 3, '14.75'),
(362, 227, 387, 1, '13.99'),
(363, 227, 305, 1, '9.95'),
(364, 227, 295, 1, '18.90'),
(365, 227, 217, 1, '4.90'),
(366, 227, 385, 1, '3.29'),
(367, 227, 189, 4, '2.99'),
(368, 228, 97, 1, '11.50'),
(369, 228, 344, 1, '4.99'),
(370, 229, 252, 1, '1.89'),
(371, 230, 252, 1, '1.89'),
(372, 231, 158, 5, '18.99'),
(373, 231, 146, 10, '1.69'),
(374, 232, 349, 1, '4.49'),
(375, 232, 343, 4, '2.99'),
(376, 232, 342, 1, '1.59'),
(377, 232, 338, 1, '2.85'),
(378, 232, 383, 1, '3.09'),
(379, 232, 340, 1, '1.49'),
(380, 233, 171, 7, '4.39'),
(381, 233, 168, 8, '3.85'),
(382, 233, 166, 2, '3.79'),
(383, 233, 170, 2, '3.99'),
(384, 234, 180, 4, '1.29'),
(385, 234, 266, 5, '1.99'),
(386, 234, 184, 1, '1.05'),
(387, 234, 257, 1, '1.69'),
(388, 235, 176, 1, '4.25'),
(389, 236, 188, 30, '6.90'),
(390, 237, 159, 6, '2.69'),
(391, 238, 224, 36, '3.29'),
(392, 239, 247, 3, '2.59'),
(393, 239, 155, 4, '3.85'),
(394, 240, 295, 1, '18.90'),
(395, 240, 44, 6, '6.99'),
(396, 240, 286, 2, '5.19'),
(397, 240, 213, 1, '2.55'),
(398, 240, 358, 1, '4.19'),
(399, 240, 193, 1, '3.45'),
(400, 240, 187, 1, '5.19'),
(401, 240, 207, 1, '14.37'),
(402, 241, 372, 1, '3.99'),
(403, 241, 145, 4, '2.39'),
(404, 241, 229, 1, '2.39'),
(405, 241, 129, 1, '4.29'),
(406, 242, 400, 3, '4.78'),
(407, 242, 401, 2, '7.19'),
(408, 242, 402, 2, '7.80'),
(409, 242, 399, 1, '7.19'),
(410, 242, 403, 1, '15.47'),
(411, 243, 2, 17, '4.99'),
(412, 243, 351, 16, '2.79'),
(413, 243, 12, 5, '3.65'),
(414, 243, 23, 15, '3.70'),
(415, 244, 3, 8, '8.55'),
(416, 244, 5, 17, '4.45'),
(417, 245, 404, 4, '3.49'),
(418, 245, 27, 2, '5.19'),
(419, 245, 26, 2, '4.99'),
(420, 245, 14, 3, '3.70'),
(421, 246, 405, 9, '2.29'),
(422, 246, 16, 1, '4.99'),
(423, 246, 17, 4, '3.79'),
(424, 246, 19, 2, '3.99'),
(425, 247, 407, 1, '3.79'),
(426, 247, 406, 1, '3.39'),
(427, 248, 4, 2, '3.79');

--
-- Extraindo dados da tabela `imagem`
--

INSERT INTO `imagem` (`id_imagem`, `nome`, `imagem`, `tipo`) VALUES
(8, 'logo-wegia', 0x6956424f5277304b47676f414141414e53556845556741414166514141414830434159414141444c31742b4b4141414268476c445131424a51304d6763484a765a6d6c735a5141414b4a46396b543149773141556855396274564971446d5951636368516e537949696e54554b68536851716756576e557765656b664e44456b4b53364f676d7642775a2f46716f4f4c7336344f726f49672b415069354f696b3643496c33706355577352343466452b7a72766e384e3539514c42525a5a72564e51356f756d316d556b6b786c31385277362f6f515151424a4344497a444a6d4a536b4e332f713670303671757a6a5038752f37732f7255677357416745673877777a544a6c346e6e7436304463373778414972797972784f6647595352636b667553363476456235354c4c515a34706d4e6e4d484c46414c4a5936574f6c67566a593134696e696d4b72706c422f4d6561787933754b735657757364552f2b776d6842583137694f713168704c4341525567516f61434743717177456164644a385643687336545076346831792b5253794658425977633839694142746e31672f2f4237396c6178636b4a4c796d61424c7066484f646a42416a7641733236343377664f30377a424167394131643632372f5241424b66704e666257757749364e38474c7137626d724948584f344167302b47624d7175464b49564c426142397a5036706a77776341744556723235746335782b67426b61566270472b446745426774556661617a3774374f2b663262303972666a395361484b6139344b4f5277414141415a6953306445415038412f77442f6f4c326e6b77414141416c7753466c7a4141414f78414141447351426c53734f477741414141643053553146422b5147436745364149575855723441414341415355524256486a61374e3133664254562f6a667763365a737979625a6c4532446b423636434e614c42647456514777584245524169714349694b6949556b4a4870494d5536623244494369585a6b4778642b6b704a4953575a4e506274706b357a782f336565377a2b3931724379537a5a7a6566392b74312f2f472b394d78387a746e357a6a6654434145414141414141414141414141414141414141414141414141414141414141414141414141414141414141414141414141414141414141414141414141414141414141414141414141414141414141414141414141414141414141414141414141414141414141414141414141414141414141414141414141414141414141414141414141414141414141414141414141414141414141414141414141414141414141414141414141414141414141414141414141414141414141414141414141414141414141414141414141414141414141414141414141414141414141414141414141414141414141414141414141414141414141414141414141414141414141414141414141414141414141414141414141414141414141414141414141414141414141414141414141414141414141414141414141414141414141414141414141414141414141414141414141414141414141414141414141414141414141414141414141414141414141414141414141414141414141414141414141414141414141414141414143414f714f494141414136754c53324c4632782b72563066497474786a456b4241546f56516b6a436c4b525956622b654548542b696a6a35596d4c56396551436e566b42594b4f6741412b466a56726c334378545672576e674c432b386a696e49724961534e566c54556d676943534252462f4e312f55525131516f6771684953554d556f7a426173316b796a4b4f576f796e54533261664e6a326f67526866534747786753526b48334f38647971697a37666e43456e537432682f792f663859496f592b307468586330796169716b574577597555414941586d6633374e334f6450446d5575643239744f4c6931487237447a4e4769434151617256656f55626a443952732f6b4b30327a3972745837394e7a517143743038436a6f66526d7a4f6a716a317375593158713244786c687a72305a535a59456b31436f73675242692b614e2f5636536b574b513032794453453453516e304f4d777066394f38576475444d6853455779414b426249652f544a3946353875514d7a65486f5454524e742f704172645a616172456349724c386b616c567177504e4e32334b785779676f4f746d334f37637150787954796533797535564e484b5056324f706a42433576763737416956465a6b6b344b67746b79344f74624566362f793361673951426f434534397530544374352b2b7a58313473584a7a4f30322b58526a4a456b54516b4a4f435462624c6b4e43776a5a6232375a5a3065504734632f7a4b4f6a3136356d316d5463357664726a47694f646e537137696571556e30424a59624242574e77367872786b374d504e796a415441464266636c39364b616a7930303933615957466e586e63506945362b6d6371697473747439797949585846696975594d525430617a5a69533362713153706c6b4d704964362f47306e795a6d55684a615a41734c4f6a5131444c6e746337785473774f414678584d5238354d716a796f34382b3052794f57376a66574646556861696f6a30576237643251652b2f6433327a69524e783768494c2b352b5966766d542b50722b6d74314e68517a7761753430514976433066624a417a396f74346e4d722b71643968746b43674774522b656d6e51753649455165306f714b482f477244475350555a727371684955746c2b506a56375463746573715a684d462f62396b374d6d4c506574776a66527135426d76786d493433317a4e5a68516d503944534e6e314178326a635041634164584c796a6a746539325a6e762b33584263786738464b3766597359486a362f7a64476a7636436741336c786333614c7139584b57492f47756a50327833656b38795a49466a592f635750346f4e363332484854484144384a5a6c392b7a61722b65797a633854584e38445646314855684b696f51346245784d6b74392b373942675739455271795071746c6856736458367577586f515130562f3351364c6b383236746258392f397535594e7735564150426e66723331317158716851764441712b6955534c45786836554578496d7439713739327355394562673952336e6f793956657364576572546e43534747514e696e49466e5930726d31375a6d4248614d56484b344134506563366430373076336c6c3565593232304d334d70476d5241642f614563487a2b6d315163666e47347363797330706f553861572b6571652f7163362b644b585a6e563371306c774b6c6d424e43534931583633503464506c55484b344134493934382f4b47424851784a34515178716857554e444e382b7576502f39363030334c6334594f6a554348486b414772387538723979744c5843727247304137365a6d4e347550726832592f69454f577744776e79374e6d4345587231755879796f716d6a536d2f615a5761345559485a305266762f395335744d6e5271776638554d2b494b657354637637477952362b316168513069666e79642f4b2b53424871706c643359646b62337048496376674467667a7078313131396c48506e4e685061434b2b324d6b6145694968663566543049613365662f2f62514e7a46675036542b3443316d56312b76656f3856617577495932686d424e43694b4b787068664b50612f69304155412f306b724c58323155525a7a516769686c47696c70546534762f2f2b36312f6174312b552b2b4b4c6c6f4462785543637433632b766d4c364971647162725658653534307376734543434645704b51697a697131587459763754494f595142414343456e37372f2f62752b70553863497732765243534745326d7a6e70615a4e2b376635364b4d76304b467a617353576e4f61665a46562b57653356586d694d785a7751516c524751677472315466776b77574166783858536b70476f706a2f66367938504e6c373774796e4a2f3732742b6d58586e704a516f664f6d5146724d3375577564546c4b694f32526e2f3253556c313032433535624b2b715a66773077566f3345342f385553692b377676636f6a584b79434e332b68736f364f5047317532374e31692b33612f2f71746d51457a7576704e6c776c4f727a73306f6471716255637a2f37396b6e49396269576d55436b67414135664c6c45536a6d763038724c4c7a543966333350352f7130755675644f672b4e476c766e7556306b57747072634b6577624c384c353645454c6e466b723670755967436f48484b48446f30705062773455764d36517847476e2f435946436c784d515262542f2f66426b36644a314e324a735863714c513953474b2b653876543065744d6859784144526537704d6e6e3045782f3673746b4564554d6a4f586e726a6c6c726b3152342f3658635072747756393872344c4561634c585966644b727348712f44334f5258327a43766263704b524245446a77793566706c704a7955676b5554644b6676347232572b387365507172466c2b39545a5276797a6f45392f50437a395234447a6956746c745748702f386f4d6d524c35633563573164494247364e5454547a2b756c5a656e49496d3630793565374f4859756e58762b6146447a536a6f4453526a6231374979514c5868793646746365532b32747176617a5071473035615567436f484652693476526e563950666c6575644b6e36397476334c6b326135426564756c3856394d6e76583743654b6e547463367673646979314f6e5870686f4a71584573486145784f502f78776536326b70424f53754d354f2f6572567a7155666672696c2b7642683775756c337854306a643834784e4e467a7656756c574742586f4d716a2f6230367a765070794d4a674d6242652b584b4b30545445455239644f72352b64317a78342b6668594a65542f35356f6e526d6a5a6639413076726d736e353564377869414567384a3372327a644f637a683649596e366f317934384f724a652b345a69494a2b6e5161767a33717930714f4e77704b36506a574b316d7651757378325341496773486d79736f59537231644745765665314265663774614e3230397763312f51522b38386e2b696f5656615352764b3174496245474447557537544a53414967634632635074326f4668573969435161344268615732767835755273766a68324c4a633379584664304b65386e3266494b6656733078674a78564b71707a4e336a5430386546336d545567434944425648447a596a3958575269434a687147566c7259742b2f6a6a63536a6f645854573452376c7762506d395530716432745445514e41414861517030355274626a344a53545277455839797055337a7658726c3443432f68654e324a4b54564f505633735453715839756c58555a744334546a2f3442424a6a546f3059396f4a5757746b555344587a69354859623347664f544552422f34734b7172307a56667970766346557572557053414567734369466853386a425a3236394b4b69766d6437393435485166385467395a6c646e517172416557544d4e787165794249527579376b415341494868544938654c6253696f693549517263755866626d3551314351663854355734746777544974396f35527374633669544541424159764f6650763077306a53494a2f61676c4a567839365a4f376f6a6c7359315a626a386f6577464c526f557458324150506238793647306b412b4c66734955504331654c69666b684335793639756a72787a4a4e504a7147672f343453702f6f637754506e75696c3171686e466a4f4773487343504f552b64657061343352596b6f544e4e6f30702b2f73306f364c39683064484c4a72664b656d4b56364b64575966646e624d363543306b412b4b65793563736c746141415831587a465a4f4a6d3866587543726f4a36375533716b795973634b305a656a56706c3078597375486341665864363639556c5755784f484a48796b757071626d73565651533933715632784f76546e564e673945375a6b3334386b41507950556c534537317a346b6977724b4f692f5157506b5871774f6e36436c546e58366b6f2b76344d6b4341443979756c7533763747536b6c755168412f726c715a64526b482f4438732b76524c6b55566b724c412f66384772736c71397a712f41584567422f36733476583334464b6669575a4c4f645245482f44392f6e56536378516778594872377230717538624d6161347756347767444144357a35787a2b53314b4b697835474544772b615155485639693564766b46422f7739756c5458463876447832623747326e35307275496653414b416639354c6c345952525a47516841384c656b6a496a7168526f39776f36502b68334b324659486e346e74504c4a703577654841744859426a46306550746d6846526338684352385352574a49535a6e4830795a78632b44474d314e383847697339657a39656232514241432f79722f36616a427a4f7445452b624a34526b516362626c3739796b55394e2f41734436345565335278713038646c5647456744384b5a773656565164446e7a7a334d656b6d4a6a35334a316b384c49684361487942537752667272304c334f7275694d4a415034346a6833727773724b557047455437767a4d36325048446d41677634376a4a4b5153776c5273565434554f48574a68343758343062626741346f7859576a69595546796c39576a6a44772b647875563238624d693858736c466b6b437659716c7730715772724d586159316565516849412f446a56745773487a65484174786438694961474f7377644f6d7847516638546b6b412b77584c685235564865335039563456344e7741414c3931355564474c42463948394731427431685770793561354552422f784e576737414c79345566627057315048716d6f672b53415043393034382b47714d564654324e4a4878617a4e326d64753057384c703958425830466c476d6a77524b537246732b4648705669654e32353172526849415075374f4859376e6d64754e76356a35737141484265316f766e353949517236587a436d61374d6167306a5859646c77644242684a43473731444d41535144347a75577859343271777a454d536669795767724d324b4c46504b34336b62634e5372495a35677155754c42362b4f46557450486a336b4f584475417270636550393247566c564649776f66464d6a7a38387861376476324d676c34487333736d58776d5368626578665069684d524b58552b495a6a695141665051624c436b5a6855665666496778496a64724e7050376b7734654e2b72474a7062356b6b41645745566364656d767a66777733346f6b41505231386f4548377463636a725a49776e646f655067357957342f68494a2b44635a3069612b77796e512b6c68452f5645616966376e716642354a414f6a3832334d34586b4633376c74695a4f5443394130624e425430612b2f53463475556f45766e534b3158652f3274442f4b446b59542f65486a70476472742f2f37763461566e554258387a4b6b75585a7072786357646b59515075334f7274637a537274313666396857626c2f742b56726e2b4b716e56352b62552b4857634432646e793764667172512b51496842485043695556484c31764f465469544862584b6a516f6a71624a413432753957704a42704a45434a63464f6855582f2b38424543486c7978646b436a5a46716c5a457245695735736b6a5057535468683452777779385a6a795a55496c484f666e4f6c70634f4a6f75427a78723773657350446c36597357564c724679636650472f6374503058724e396471733152476348646e5a77514b5848636e57784e656657682b43716b6f622b5a427936476e533577337546557448733152753778714b773149385259447763436c797a535832534266684270466e6665317a6f7373337637434877453059664f39753464377672717130764d356349544a7235694d48677364393256306e7a4c6c6b736f365057673938707a7231563774646c5957667977475956786d7759336e34456b39444671573036725335586537717047756e6b313170345230744366746d556d6958356e45756e79587264466233716b6a6332445764446669593464527973354f624f51684138626d4c69345454663839464d2f66396c65376776367a412f7a6737374b72386c5247596e4738754b444a46444833356f4670593370476c2b424e4272473845335a4b5755757459644c59663039476d766c712b30514b4c6c694d347154626b304957762f692f553151324856796563346371586a6c796d797476447742616669714f6c4a6936746a78707062767666636a436e723964756b6a71373361417177776667544c777153745135705052684c315a38753344766e777162496e4b7433614331364e336345347573644646756a4a574b7630374e4b2b71643967706872657958767565644a372b76514f334e33754f304a6b35476674547033713546666237413862475273737252416f7559676c786f386152527331636d754f48556c63767a45377a38663058484532592f735078626e46546e573752324f644747633372486f313169612f3076746c6e31586e706d7a36726c6a457244557374626a344e52527a33784b6a6f2b6635327a62377a59727075654c73734671464c6355793434644a6f724e3244573078426b6c636d3747376335766b6c586c4756336d314959775269392f4d7530672f61423174366a503538555463474e6b41546a3377774e3838703035395154514e46643158685445344f4c666433723270744530627a5a2b3232323865683369305866687167306a5059716e7877363277596339767a497046456e557a377233634a6e31576e5674307373695657656e52527670544d536545454a664b757030736448303438663238454d786d2f564e4b536b61696d5075344f342b4a6d65747678647976436e7266323649384e714d774855754e4834795134444b58686737394c787139343378343735586e3570346f64475656657251526d703856387639314d71657975303455755062504f586a52684a6d745032653664342f5848493465534d4b4833626e5a58474735396462312f726a74667658436771343368473833695051306c68772f6172336163363974503938455366792b76622b55536e31586e3373787139527a71747172766149784568445046587455647666334632766677517a58482b2f6c79384f4a313474374648785a464b4f696c71664d6d31654e67743741656e53493949595942447a2f7a46655862737176384c79424a4837623041315a6432333471756937637266326a714b786d4544627632717639757a6739566e6f4b4f7442317242685671327738446b6b34554f79724d704a53597639396d5445337a6134312b31523277304350594f5678772b5879676150336e472b4b5a4c342f38612f6c787636314b707a533639554b3539344e485a6a494f397269564e6438764c57484c7a4e3858702f5279644f394757317454596b34547469645053326c7475332b2b305456583558304c753074436b685267485050334e455938523875644c374a704c346431642b2f366b6939343956486d3059495354672f337971614379717145624a774d78664f3859595651734c52794d4a58315a44675967524558353943636b76582f702f57304c51626c6d674a3745432b56486c305161397353753355622f56617347527938616e567035372b30713163735372736554474e76396a642b666972576258364e5239397a334d4b6975546b595150693648642f6e6e72773466392b73564a666c6e5168393358524c484964427157494563644269476d432b5765526e76482b356864352b4d2b50312f31555a56586535333430667364366e482b7a586c6c486a7a78634933556b704b52534d48487854416b5a4a486637344f2f62766a3851656b373061587a706361724457794d586472777a646c336e48473454376856646b646a6e76394b6a7a5a6b304c724d4676676c314d337052783974717a6b634479414a48786243794d6a732b4f6e5433304e423935456f536a574c524d6639717a6b41486d694d6d504c4b50474d62307a3450584a73354d4c2f432b346e4753446857414a4571334e703478464133336b75585268464e5178412b524d336d4a625a4f6e66782b4567522f33766855752f4644695a4966734279353674494744466d6631544c51392f4e6b7359632b766672636449645458616e4435307a39686b646c547737646b4955752f5338363137392f4e484d342b69414a48785a7a6936557175464f6e315148786c775a2f33766a4a6a79577145575a70484a596b5677776c4c6e5643494f2f6775712b4b78476c3763686456754c577870424863785634586a42424469564f646843542b34676c515a755951357645596b5951504333706f364b716b75584d443472734567722f7677474d64496f35594a506f786c6956585856715067657379412f4c5a362f64506c6775485470557471765a714c324b6d663574625a55384f58702f56446b6e3873594c4669325731714f676c4a4f484c39734f676d6c713344706850632f743951582f30686e41576270616d4546784c35346c633764454337726e6b6653664b684b316646533671386d67765949722f2b4c68533651377376394c55682b49644f2f71776d68703867746958437a5573374c336d6d7a666e6f36427a354e312b7163664d4576304579354d66546f55392f747a477249447030672b664c714e6276693661582b3356686d4e322f394c38507a4673597a6136394e2f4243677570556c6a3443704c7763656652744f6d43514e6f66495642324a4e497354734c7935416f7471565544356f312b6d373978444b2f3261766a7a6142324f4c51366e676a63362f6f375441775a30596855564e79414a48793751364f6876576830343843554b4f6f656565366a5a63624e456a32435a38734f6c736d3476624d712b32642f33592b6947724b346c546e55425a72534f38362b77523137596c4e304253667733356572566c776e4456554b66595979494e7475636744744a435a51647554484b794d4a4d34685373564c375756346c543865747271612f744f4a3959554b4e73497269622f52726e483966532f39505a6e6a3354744d4c43523543453739434969447a72626266745255486e3249722b6163654e496a324d35637150476939375a4d51572f2b7a53357879365a4d6f7438327a5847416e44544637722f4775506a64695366524f532b50383832646b76455530546b49515043352f56756a6878396d7746425a317a49555a684573456437317964444264574b35503863634f2f79362b5a356c625a725a6a433635372f69596a6858334a65654346554b796b5a67435238754343743169707278343472412f4a454a644232614f3241394b2b4d49763041793559667451727238754c6d624c38716a4d3974794f7059712b416d75507267564e6a444c3235476c3034494962572f2f6a7149755678574a4f4844676834637644703534634a4b4648512f595a574679595151465575586e33586d7146583935726e3058542b577945573136677247384572582b73442b4e662b4e766b7576584c4e475641734b526d46462b4a41736530317432727754714c73586b4156392f6144304877774333592f567934386172396131332b707a392f764474723733592f467772385a6159396271646636376a64695333616776582b5276327651457136714b783272775963474c695069672b615a4e353148512f557879754f464e536f675853356762744d724c4a7236784b3566726234585050585170754e617276596e7071762f354c367052472f5758324e43642b35696d45554e4377757941506d454a31423262307a5035724e5567624d4d71356f656973547376563369352f75377a7a3564716879754d524747324771524c66376a66366e50334e735a39502f3359593764714a53556473517038574f7a733975394362372f39617852305039556b574a354b4b6270306e727130477138326739755477494d58725656653757564d55384d6462367139724646655331667938374775664c333449694c6d783430644739425051415630515a2f544b7a6e4c49676d62735a5435346448597a6633575a484c35556f33764c746232565451576a566c714f46364e3364316e6c582f63533146667a6a37355a4c7a7163505441375075776b77674a7552772f5a4d694f674439704366516462426f697a5343346c73365647712b5773666648597537576e714b78515a6964686a2b324f6855326563327871375378374c446e776f5668784f764645784f2b4c485468345174742f6673482f4a4e5041562f51352f5a4b79624c4b776b59736159344f6343713765662b765a643134327159584e326533634b76735a73794f4c6c3336485a2b64722b726347506231387469785a7132346542686d3359646e6b435a54746156392b31574e3473536c4d65796b5055696354676e7859476e7a6f3979745476776b753471623965656f566273525169686d52683856626d33536a316664415a39333665656650384e71616d79596352385775636a4964616e76766c75476768346733756d546574346f556e547048484772724d504734316366355756375649336469316e527455752f6463452f4c33514e35483073794d67515649646a4a4762626879524a4d79516e4e356f764a54616144775445574b5670364e4b353639497966726a6939506b615848446f6b717777676b654b6446626a31535a706a4156736c3137797a54635073744c534670687048785934752f3339466a74333571436742356a465436666d6d53533644457563717936392f64496a6c78373339585a6b4f6c794a697362775a314839352f2f6d7765757a4176597a6f7372567136385269717334506b4d706b614b69466a617145356a47744c4f68526e4565496151574b353066355335317771346653795366466861464e63644d2b45616c5735757735657569675076572f4f6c48486d6d724f527a3359595a39574e7769496e357366666a774d525430414c58716d625438554b4f774345756471793774786c302f46442f747932306f6369704a6d416e6664656b666e61734975477670536b484269305454304a3737436d4e4569496959322b684f59687262447265776d2b614b6c4652677866504471576a6a522b3834622f54562b476152526d4157664b6663705535324d4259777836497a547a78683134714b2b6d4e6d66596661624a6369756e666669594965344359386d6c42734e516a76594d6e7a5132556b39564b6c313264647569525141326242703131362b7a48727378344c6d4f363873504135356e4b5a4d4c4d2b4c477a6834557669526f3573644338554578726a5a4465336d786167532b644c7256656275507a59565a3855566c566a4b6d62417479726332766a64507862372f625830733731366d645443776863786f7a37737a6b306d6c357955744c4a526e7367307870334f654453684a456757466d4c706339576c4e2f736b732f4a5a583478646f3742697a494450752f514f42302b572b6630643730705255513957565958764166697971455646725736356457734a436e6f6a30694c4b7445436770417a4c6e7838756c623378396f46387339376a32733369426154766532564f64654b424d78562b336157724473636f504b726d51354b6b69654868697876747955786a3366474d5278504b72444c75654f6571753946592f4d6d725474302f6b424a71466e39462b6c7963304e32342f617443762f307132616d484875716b4652563177457a367444732f305072516f624d6f364931515570686850727030766c5235325a764c5072326961356565454762496c77534b5037747a6f4e7974547033317a34742b2b575579706144674658546e5073515945554e434776576c31455a64304b643354366f776958516566676c6364656c4e767379704771726e6d4b4d65696c6445536f346a6664395447556e372f6d4a4e58372f727a7274325464464b53683747445071776d4d58452f4e546d324c476a4b4f694e57484b34385232426b6b4c3848506852375757764c54703632614c6e6d43496c42354538487a77616558506d675974476639706d746252304f504636526379653737707a616a59332b687564473331426e396b6a7163496b306a6e34526644447137476d332b6658364872482b3431786c6d32556b42716b3733754b78744a2b75567a376a4c397337396d6e6e724a70425156444d584f2b513850437274676566484162436a7151474b753858424c6f525354426a3071503973614349356574656f3033746c757a43717442774364324f564772614f50662b6944664c3770303738574c41356a544759525a38324568733171584e35733631593243446d52526e355371554b4d7741306c7731615846667031587265734c4f754a4435646d55456a6653397a32566b66695442666f2f385642582b572b394a6171466853396a786e7a596e5a764e7455473333726f59536143672f397664615346725a59486d49516d7575725458686d334b44744e7276466c504a702b33797349474a4d2b48476f57397565727a41713637394d716a5278396a4652554a6d433066466e53626256504b736d576c534149462f64384733786e6a446a554b30354145507a5247496b7164366b74366a706b595a7069424c70305069736269507a6c5838537a503236675746754a524e5a39576338704d4c56724d5278416f36502f6c316754724a6c6d67353545455631333671364e336e492f55613779337569666c57575668485a4c6e706b73664d2f666752544f50323362716f5964753055704b4f6d4b5766466a41596d494f4e642b32375379535145482f4c792f63462b634f6b756c4d4a4d4550786b6a7768584c507133714f475238697630304a756e526575765366722f42354c5631784f4562696d2b652b505469493465467a4551514b2b753936386862374f676c644f6c64634b6e76786a563235647233476d39557a4f646471454e596a6554355565625133332f33304b6c64642b706d65505a75776f714a656d42306646692b372f64666f4a35373447456d676f502b75783234493977624c64437153344966476950564375576530726c313671447864774c5630587272304a6c2f6b56484c316e4c647938654c7a7a4f75564d44752b51363357642b776a526d6849416758394437574a4d572b57424a714e4a506852343957476a6432647139746e4b5763396d5a78766b595331534a3450766e6837344f2f4a486a37636f685957766f425a3857457844776b706a4f726548652b4e5145482f63324d6562755931537852337648505770656556655637546338786d4e6e6b6d7271587a77526476442f773972684d6e2b724471366e444d6967384c56306a49757a4776763437664a677236582f5049446547624a4948697335706364576e61734979396554453664756b5872415a68445a4c6e5136564847375067794757667635464e4b5367596a556656664e69644734314f383430334c6b4d534b4f682f575a3962376170527047386843613636394b44735972657531394c6a724e4a4d536f6b4c366675656f724734372f4f726e2f506c4e7078363449484f724b4969486250687734496548723474626656716646414c4262317557746d4e753077532f515a4a634e576c507a6468543136735875504e375a3253627845707271587a3036575048625a52763763482f74644a68634d784572506751364c496a476c702b4a6757436e72645458773855596b7769354f52424639642b6a6d4861364b65597a617a47643743322b4f346d662b49557163793342646a6e336e69695a61617739455a732b444467685552636254467a70326e6b51514b2b6a5870326937696b466d695879454a666a67567565654e687741414941424a5245465539737a6739566d70656f3033753266795259736b72455479664b68563263756a64357a587655763358726777697167714a7342584b435653584278654a494f436675306575794663437a4f4a5535414550786768706b713371757531394269723944596c754a624f7866777a4570477238784d506d514d48526d72467858325276672f7265576a6f325659484478354745696a6f3179576a65386f686b30692f52424a6364656d446e392b59315679763852592b6c584c4a49744856534a3450486f32394e4872482b516939786e4f6450446d557564316d4a4f2b37737a67704c6d3457705a51684442543036394930534743685267485830766b694674657147627032366348794441463376484e425938523673634b7279313970696c65766c72545330684649335966646558427773616c6c7932314941675739587178364a7532495561526649416c2b75465857632f6a6d374a593664756c5844414a6467655435554b4e6f4c37792b38337a44762b5066594344555a4b7041346a34735642455279314f584c6e5569435254302b6a6c44704a5346476f574a534949666a4243707545615a6f4f6559636347346c73374e2f444d536e462f756266417638555832363665494d5447546b4c69506a7231476f3965516c4c515953614367313673654e345a2f6242446f5a3069437079364e395878705333596276635a6231436631696c6d69377942355074517132764478652f49612f42332f6354313737685169496b3469635238554b627439553476743277755142417036766570365979537a476f534a6842423834596366596d474e4f6c375041634e4d346a784b53435769397a324e4557744f7362764237336750662b34355659794f7a69414d393254702b2b73576d52675a755242426f4b413369413244306a38316950516f6b75436f532f4e7150555a747939477453312f6550363341494f4a614f693971464f3335636538312f4a6634516e76303245747474682b51754934464b6a4c7930396148447632434a46445147307951524364545168516b775164476948696c5374483337584768386979426b69716b7a3065586e6c66716166413733754f4844326469624f776b4a4b3758443573523057374869325251304276577873484e76375449776c346b775657582f73544972546e743942707666753855683047675335413848367138326e4d5a6578762b486639746a7833375149794c2b78794a36394b646e37583336584d41536143674e37693459476b617762563072727230533558653658714f47574557462b42614f6a39646572594f3139494a4955534b697875487a366671554a7873746758526777666a706755556446303674462b737372416253664444726249757a367a4e76454f76385a62335479734d4e51723438684d6e716e5871306c74392b4f486e516e513037714e705144516f714379735536634e534149465854645251644a555367692b317344526571357961376f2b6c393675695757524a4e4269524d39466c7835307a75456570386459636b4c43424e7a78336f412f5a4c743957644f3333734b4c5a46445139624f6f54386f4a7330546651784c3838476a736f5836727a3932723133696a4f386458424d764366435450683171764e6d6a6f68717a6b42752f53392b3337576f694e2f52434a4e38545a6b757731703662695851386f3650714c73637154434b366c383356515635697537393176453274654b6c47434c7030446a42427a71564e3955342b78784d6a4944434b4b2b4f335864363752305676544e6d2f476932525130483353705a2b32534251664465434957325633445636582b59426534343370476c3865624543587a67755879766f505870655a3275416e63683939394b4d514559476e5865713751592b4c57344155554e4239786d595370784663532b644b7556764c3250644c695736334972647247725259704d5342354c6c677148427275727739304e5332375668694d4f4333583138464b546232574d76392b33394345696a6f50724f6966396f5a6f30693349416d2b757654395035666572396434727a335574424a644f6c667a3333665970757a6d4454314f387931627a6f6b784d5a7551654431676a416a4277664d51424171367a396b7434695238685973765a533531436d4e4d74793639626178356959687236587a55426b4a455234302b627738307071524d4a624b4d4e3064654a786f656e686e546f7764754e455242393731332b3657644e3467555a2b6f6363616e733971456273682f5561377778585a74564268767758447048382f2f6b7345335a7252713853392b324c55654d6a6c3648784b2b7a47495747766d4d664f524b584c3144512b524166496b38564b4b6c4245767963394a6535315977505435547174733762786c6d5753514970517652636b4571642b6e794a5430354d6e45496b79593349722f4748617247553265362f667732535145486e786f4b6e55764b445a51466634654b7053314e597833302f6c2b6a587058654a72777a43632b6e637150467176555a757a576e774c72336c3774305868636a496c556a384767745265506a4b5a6a4e6d3143494a464853754a4955625a364e4c353074787254726c7855335a6b6c376a74597531344935336a6f357856367538756c784c4e36536d7a7142574b333737645a34685154473361376349516143676332666150784b76576d56684f5a4c676831746c4e3565353143663047752f3172764856566c784c35345a545964316632704c54526f63752f61706f74793945346e556a787354735446757a356a4b535145486e556e4b3459526136644b375161712b577365666e556c4776415674486d35654a464e665365634149455974714646336538572f7530474575745667716b5070664a79636d7a6b594b4b4f6763642b6c4a68525a4a57496f6b2b4b4579306d62626434362b656f3033746c757a4b6f754d4c70305831563674783874626332356f364846536c79347446614b6a3061582f31514a6b74332f656373386576456747425a33374c6e324f51456b316b7543485232586a466836354a4f7331586f656d6c7155694a5956496e6f396a33645671525a633733713033337a79585769786c69507a506958593762694246516566666a4f354a52656a532b654c56574e72334632763636445865364d37784e55486f30726c523639582b4d5770627733667079597358567770324f2f364d2f43656f7a58612b3166547037794d4a4648532f4542556b7a68596f715549532f4b6a7973416d725072747130477538356e596a7271567a6768456958713353352b317863704d6d69366a5a6a4c63472f6c463348686b35582b6a5945562b725130483344347636704259625249703345334e4530566a4b73657971666e714e4e2f47787842717a4a4c794e35506c51376455653737386d383436474871666c6e6a3031556e7a384a4d495951762b74376a776f714e7a63767631364a494743376c6353625961464169556c53494b6a673770486533506239773764757654574d61626c49695834766a4d6e783777716a365a4c6c7835792f2f3272686644776645542b477755394e48526436754c462b4f736c4372702f6d644d7a7563777143374f5142442b38476b76353536396c7a2b6731336f5248456d714d497357316448376d2f2f3442617a5076624f68786d6b326135424b696f71596a3866386f356b616a596d7264476e2b35524548335437636b4243325642496f584a33436b30714f397365546a4b796139786d74684e793056304b567a63397972644775543952676f756d66504e64526d7930586b2f36733766362f35706b30586b51514b756c38613966656d316345474157656b6648567079643964714e627475665170547951364c5a4b41626f3054486f336431322f31756673616570796f46313955524c74394971366c2f372b4b497a41354d524848516852302f3959783262704d457567564a4d4750437263326273546d37474339786b73494d3677574b626d4135506c517137424a656f786a752b2b2b7254516b354377534a3053773262357274582f2f4e306743426432764462736e7a686c734547596943613636394d5369576e576f58754f393353504a61524170377166676846746c647731656c2f6c41513438545032574b49736246545737305854706a52477257444d6441465054413043374f7642725830766e69564c545878757738723175583371474a5a5931415352365335304f35573575342f3964533274446a52447a30304859684e7661487870773174646b75794846782b374471554e4144776d7564343275444a49706e6b6a6d694d524a7a7673777a584b2f78336e79346d63754335394a3536744c763350746a7966304e505537637548464d696f36655343687474466d4c3064454c3074657556624871554e4144786830707753736c6765494f5434353456506236324e32356f58714e46324f56316775346c73364e4372633668544857344a5732396548444877703265364f38666b77746c6d6f354e6e59745668734b656b4235346434346c786c644f6c645552734c4f6c337047366a5865677164536e42456d6354795335344e4c5a58386273694837495433476b754c69786a584b51684d6476627a466a6833347243774b65754270486d6c63686275642b564b726143396e374d6d7a3654566578395351485561526e6b4879664368337152502b65614b3077592b48436231366653784552523172564f484b73694c5a37557577796c445141394b6b787850645a6b6d59684354346f5445536c6c3369487158586545507569764745477646634f6b64646573633950355538324e446a5741634e596d4a4552455a6a796c614d697472546176392b764677484254317774593031625a456f795551532f4b6a7861694f6d37623851727464345057364e326d345536576b6b7a3464536c7a72786647334458307476382b6d6e6e776c52555963615261694d4554456d5a67465746777036514276584c634554615a484749516c2b714979456e536c3036585974765773726d784b434c7032664c6c316874382f636c6431466a37474d36656e6a694351462f4b64444262763932395948446e794a31595743487642363352363178796a536e35454550367139327368702b79394536445665743359524f7779346c7335546c7a3768732f505644583563624c46373977396964505437675a366e614c666a4e61386f36493344333575487171464759527153344b704c447a31623548705a722f47367434395162455a6843704c6e703074662f76486c662b67786c7079556c45456b4b57426648306574316b75786a7a2b2b4736734b426233526550612b70756a534f56506c3056346373546b3754712f784f715748374461493943535335304f4e776a4b6d376238674e6651344c58667650696c455257304c324f34384f6e7068784d73764b3168524b4f694e5273646d4673316d4643636843613636644674426a544a61722f476536526a6a445445494d3541384878534e74543154354e4b6e53342b506e307745496644656e6d593031675464654f4e4b724359553945626e775a6168487868452b674f533449645459633839747a457258712f7858757261624963426437787a6f39716a545a312f2b464b44642b6d74397530374a30524662517241376e783138744b6c654a454d436e726a302b75324b4456594671596943613659533272564e2f556172454f3053513031434a4d524f78395552744b2f7656445456356375505346684572565958414554487157616e4a6934434b734942623352576a6377625a39426f443869435836344e546234705330356958714e6432644b38487347416466536565465532626774337a7230364e4c7a684d6a49565148546e636646375732356332634f5668414b65714e464b5756424d733141457678676a42674b7172305439427076384e327853676965657543476f7248554433387437612f48574b5a32376436694a6c4e41644f6c435a4352654a494f43446a63324366716e4a4e446a53494b6a4c6b316866562f616b703269313367762f4c3370546f4e49547942355074516f624f7a385178634e4454314f2b7170565634546f614c392f33376c6774332f6261734945484d4e51304f48567a6b323145494d77685244436b41596e58546f68687149616461786534393361314b4a5a6354384654313136796b2b586e627063537a653362506b324e5a6d712f62716732477a764348666468654d58436a6f515173694751656c4854434c3943456c77314b56357458366a6435785031577538376a64487669634c364e4a355565585278752f36735668753648485331713933434a4752372f68784d632b50475478344731594d436a7238443946576154776852454d5333485470636e3646563766766c7a3932513767616173516437377a7761697a702f5a394b42756f786c687766503473596a5a582b6d424d4e43566c6d487a67514c354a425159662f61636e54716439594a486f495366436a56744765656e58372b545339787575554772785846756776534a3450315634325a736e485630774e5055374c7658764c7057624e33764b37674978475a39447474792f48536b464268392f75306963525845766e7030746e7848433179717662312f4547336857725769534b4f39373536644b547637315172637531644f75747479366d6f61454f663870486a4968596c2f4c4f4f3256594b536a6f38427665365a5036625a424d503041532f4b6a3061483347374d7874727464346177616e373861316449376d3336324e582f6e35315162763070506d7a6173573766615a2f6c504e52574a6f325849755667674b4f767942634c4d306c6542614f6b2f6b72464b33627539634e2f3772335151544554733358587243386179714158714d4664797030314961456e4c464c3470496550692b466c7532344555794b4f6a77523562315466334f4a4e49506b51512f5043703776502b617a4135366a646663626e706645764131506d3636644938325a753258685133657053664f6d4f45537773503576355a4f4b5a47614e6c32496c594743446e2b705378636e6f6b766e367a6454343956306530353877714d4a5770424d787850635438464c6c35353439457a355544334769756a636551554e437272496558662b612b7544427a2f47796b42426837396752662b306e3077693359636b2b4f4657575a66423637502b707464346177616c483541462b67325335304f565233747a2f487435775130395470504a6b7a3169544d786b776a67396c324f4d6946465273374569554e4368446f4c2f39525575504e2f4a44317275556e5737746d326b6c426c463350484f433432526d4c4d4f317a41397867727631476d39594c656634664a48594c4e644d625a6f73514d7241675564366d4474775053666a534c64695353343674496647726f6836773639787576574e75796645727030626e67303973724972546b684464366c762f575749736245544f4779654e6873533950656664654431594343446e55555a684b6e45554c77342b46496d557564704e645966572b50306b494d77695343612b6d38644f6e524264584b4b44334761725669785859684d704b727878657078654930746d72314c6c5943436a706367315850704a304f4d516a726b51512f6e4171372f2f6d4e575866714e563672614e4d685761426649586c65356c38624f585a3372713342443949704b55794d69754c71385558425a6c7658664e3236457177434648533452676c6868756b434a53346b77552b6a55754c557230742f342b466d4c4e5971765945756e5a73755053796e31444e536a3746617a357131563469492b4a474c485a636b5655354a575951566749494f312b4774376b6b5867695268485a4c677130736674696e37627233476d2f7030796e474c684b2f7838634b6c61433950324a4d583175426e6a726663776f547738484538335045755245516362726c7231316e4d50676f3658482b5850704d53346b59532f4369705654494f6e713267656f775651536d7a42306d543061587a515758456c6c3369666c6d50735949366444676b52455564392b6b4f4d30626b684951356d486b55644b67484d33736b586241616844564967682b314372742f2f77384f3362723075583153767242493941695335304f4e5633747034743638384959654a336e52496d5a49545231504b50585a76744c77384a4f652f66732f7761796a6f454d396951755733714b346c733656793558654f62742b4b74486c393253696c455661704b6c496e513861493761735972637564377933334c76336d426758643952582b79704652382b3945583864516b474865757a51657156634e4974304e5a4c6768384c497a62752b4c2b366d313367547569642f595a486f59535450683271764e6d4c4b7667755275685456754c6a78524254313738367431694a6a657670577a44594b4f74537a70694579756e544f754655323463734c4e627238706d4c4e416f757734466f3652313136364e6b696c793758306c7439384d4533516d536b376839744569496a4636657458496e37643144516f62374e3635317932537a53705569434831364e33627a30364b5875656f323372472f716c325a63532b64476a5a356465744f6d453354747a6f31476c7a453164546c6d47515564476f6a4e4a4d366d68465168435a344f36697a6a33552b755348714e5a3764496b35413648315247516a4964726c6630474b763167514d2f43644852753354737a6a633133377935434c4f4d6767344e5a45582f74414b6a524a63684361363639445a663556622f51362f78486d30662b6256466f6765525042387150646f4c552f6466734f73786c7479733253516979393647623838706b524d5446324232556443686763565a70546d535149755242442b71504e72456e34733875747931314c6d316a59576270536b4531394b356f4445536571374970633837336a2f34344a5159473976674e366b4a306445485737373333696e4d4c676f364e4c4246665649647762497748306e7777364f7856764d2f794f756c31336a76396b7639796f773733726c5237745a47506263684b31365073597774576b7769426b4f4464756c535642534f4c796a6f6f4a66574d61596c4969586f306e6e713072336175445766463868366a5264706c696169532b6547716469706a74466a6f4f59624e2b614b55564672473678416849576454423033446a64656f7143445874353475466c46734146644f6c64647573706148632b70374b4858654d76367058356a6c75672f6b54776e38362b7867634d335a6576547061656c54614e4759344e38576c6d496a46786f764f63656e4369696f494f65326a57784c4259706353414a6670533774596d3766697252725573504e346d346c73344a786f696c73456252355a4f6e7a62647475306a44772b76396b544a7174526146502f37345273776d436a726f6248546e2b457172515a69484a4c6a713070742f2b45744a623733475739342f375275545341386765543634564e622f2b59315a4b58714d4a5464724e6f4e496b724e6569304e45784c496d7237324746386d676f494d76744c4362304b567a70735370546875334f39656b573564755270664f45626e5571593756593642572b2f595653416b4a3966646f6d537837444f6e703732494b55644442527959386d6c42746c6f525a534949664769504e4d6b7663672f55616230582f7447394e4971366c38384b707350346a742b626f307155487457382f6d775948563962486630754d6a74375559744f6d41737767436a7234554b746f307a4b526b6b496b77512b50796c3750324a746e305773386d306d63694e543577416952726c523564586c4e612f4b534a5756695a4f546336362f6d4968476a6f786469396c445177636379486b326f4d5970304f704c676838704973334d4f39334e366a6266716d62547654534c646a2b543534464a596e35466263394c30474d74383838304c614642513658555668636a4949363050485067564d3465434468784944444f7345696935694352344f7168726230783550793949722f46436363633754313236584669746a4e4e6a724e544669797546694967353131555577734c65776179686f414d6e5a6a325a3744524c776b776b77565758486e585734583542722f4657503550327655476b2b3541384836713932744f76626a2f6658492b78516a7032584567746c6d76366b496f5147586d6d3762466a2b4f734f436a727770487548694a55476b57596943583755654c5858356879385a4e5774537a634b457767684b704c6e676e53703071744c6c3536346347477445426c35545366304e436749313835523049453350572b4b394e714d7768516b775665582f744f6c6d7546366a62643251506f4a6f30683349586b2b31487131336e7031365a47644f79385277734c793631544d51304d6431727676336f435a516b45484474325a45724c44494e497a53494b6a4c6c3352586e33375148364958754f46474953334343454b6b766339526f683875564b664f39376a706b3731694c477855776e3736376452304b436756636c7a356a677855796a6f774b464264385634673258684c5354424430556a39684e586e634e303639494870763969454f68654a4d2f4a435a3158362f6e4b39764f74394267727448506e395451385050737646584f4c785733753041462f626b6442423534392f2f656d577777435059736b2b46487430563664632f4369626c31366d456d5954416a78496e6c7575765478656f77565032614d56375462702f326c676d3631626b39667652727672304242423537394c64366942687546795569436f793664456673766c35306a39427076395944306b78614a626b667933485470766671767962785a6a374753583331314977304c4f2f6648565544516a433161344473514b4f6a6744323550434e6f6c432f51556b754248705563644e585244567252653479574847796453537643684455364f75395665545a6472365547505036344a776345542f7568617568415263627a467a70322f59467051304d4550444c75766952496b30326c49676838714978466c4c6e576b5875504e374a463033696f4c2b42516d4a7a7771362f624d6d73786239426972795a416875345849794a392f382f396b6a496a5230584d7749796a6f344539462f59483448624a416352624f4562664b686f2f636d684f7231336a4e5175575a6c4b424c352b5859572b585264486d734e474c6f5545314f53526e335731323645426d5a6155704c2b7844546759494f6675534f4249746d464f6b6b4a4d45506a5a4751793558654d58714e392f615479546e42426e547033485470477573386146336d6e58714d3157722f2f674e43624f79582f2f6e50615844776f7452333339557747796a6f34476675627836795436546b42795442555a65757361456a743254483654566530314235686f42723664796f634773547a39646f56492b78704a6959535954532f316e4d793679333362595773344343446e356f794e327857744d51655453533441646a784678596f3736683133697a6e6b7a4f745567433367624779776d6479683659766a5037446a3347616e336f3042456849754c7a66782f3867344f584a7939615649745a51454548502f5667322f42504c524c3942456e776f38617244526d7a3833785476635a4c44444f3852516e7849486c75756e54644869755634754c654a4a5153616a5236544733614c4548364b4f6a6778783637495a79466d7957383435326e4c70305130345679723235642b73776553626e42426d45646b7565445332583344746d5131556d584c7633496b532b45794d6844314762626c6235783479576b6a34494f666d355a3335526a5a6e5470584b6c56744d4676374d714e31327538754742354a70354c3577597463366b5a6e357774312b646165744f6d47596130744c6d49485155644175486f51536b4c4e346d546b41512f4e455a4d2b6557657358714e4e366458636d36514a4b78483870783036517137622f7433446e323639494d4876323235652f65505342304648514c45387635706e356b6c2b684753344565565278767778713763524c3347613261545a36424c3530654a55353349474b4e49416c44516f633573526e5470504747456d504c4c50626f396c7a37727965514c515a4b417835593434565259702b63335a642b444a4141464865707335544e70783430695059776b4f4f7253766471414157737a572b6b3158704d5143572b503477637464616f547a355a34304b5544436a72555865692f767354476b41516e58546f6a7069715070747531394c6d395569344579656a536565725346787a497678644a41416f36314e6d6141656c66476b574b647a6c7a784b32796e732b757a3271703133687877524c65487365525571655338566c6544627030514547487567755368556d45454c7a506d5239796d557564727464673833716e5844534a6444566935304f74776a71742b4f6a5349306743554e43687a6a594d53762f424c4e466453494b724c7632786f52757932757331586a792b784d6156616f383261632f504a54672b41776f36314632437a54434a454b49674358352b6d2b55754e554f767765623253726c6f6b595656694a305043695074743331582f44695341425230714c4d35505a505042427545725569434837554b652b794654646d3664656d52466e456d4a63534635506e6755646e344c6438553452674e4b4f6851643746576152716c7849736b7545456474597075482b3559386e54714a534f7570585044713748324835347336346b6b41415564366d78653735524d693451756e53637568543038664850327a58714e317952456667743376504f6a78737379466e3930575549536749494f64645930524a354763433264473477516f626857763276704335394b755777513656496b7a7764465979322f7961742b456b6b41436a72553264786579566c57576469494a486a71307252754937626b334b6258654a466d615459687042724a38364861797a4b2b766c517249676c4151596336693743494d79676848695442445670556f307a51613742332b3656654e55743047574c6e6731646a4c5a5963757467485351414b4f74545a6b716454733030533359776b754f7253752f52646665342b7663617a5736533541695756534a36582b57646a6c333138525559536749494f645259564a45326846493877386652627266477969586f4e747252766171456b304257496e5138656a625834396b4a314c7951424b4f68774c5631366e6b4767654e454952377761752b76703165662b727464345459506c3252545830726c52346459793976785369693464554e436837734c4e346d794346343377684e5a363262536c52792f703875474f52583153697177475954356935365a4c54397637517a477570514d4b4f745464797635702b54596a4475696364656d33666e7578747174653437567661706b6e556c4b4d35506c51356458653350524e6b51464a41416f3631466d3633545266704b51435366436a30714e4e76716f7958627230317a76486c346359684956496e5a4d755857584e507a70542f68535341425230714c4f4d52784d63566f4f7742456c776456432f365933315762703958724e4e7247577852456b4a6b75644468557362742f4b7a7130596b41536a6f5547664e37615a35364e4c35557533564d723636554b504c3733644d312f687971304759683951354f614854574e716e575a55446b4153676f4d4f31644f6b6c466c6c59684354343456625a5461732b76664b6f666c323665616d45612b6e6371504a6f45305a757a516c43456f4343446e5857776d3561494642536a695434556535534a327a2f3371484c4b304866364e717333476f5146694231506d694d4e436d6f5667596a43554242687a71622b46684361524336644e3636394135485470587231715866454764354233653838384f70614b4d6e3737746751524b41676735316c6841717a3065587a7063796c3570786f745372792b2f34395337786c6347346c7335546c3937305a49487a525351424b4f68515a7a4f665443343369525450706650567064383461322b75627138456252316a586f49756e5238656c5930652f31367546556b41436a7255765575334752614b6c425169435835557574574a797a375635384d64627a3763724e497143334f524f68395552694a7a536a336f306745464865707564732f6b436c6d672b4c4d72587766313570396d566a327431336a746d6c6957694a51346b44776661727a617139503258776847456f4343446e58574c4652654a676e3049704c6768307656706d54737964506c5a534f7664346d76776e50702f4e415969547856364271424a4141464865707358752b55716c43444d424e4a634e576c782b6555754166704e56377261424f366449375565725652307a2b3445496f6b554e414236757a7672634e5779774b396743543455655056336c7878544a3958676f37746c6c41564a41747a6b446f334a3353527077746377354545436a70416e6657397a65344f4d5172546b51512f4645626950383271484b4a626c78356a58695a53556f546b2b5644743156365a3855452b756e51556449433675376c5a30455a5a6f4c6c4967682b31436e74392f75464c757278735a4679335a6c566d435865386339536c52357775644c36454a464451416570737850314e5846615a766f556b4f4f72534e52622f343656613361366c743430314c5547587a6f38716a7a627937514d5862556743425232677a7271316931676e432f51386b7544716f50376d4f3063763639536c4a3952595a4745325575656e537a397874525a644f676f36514e3331756a6e53613545707271587a31615848665a64666f397531394e51494936366c6339616c543979624634496b554e414236757a6d2b4b434e4969586f30766b36714939652b736b56586272307155386b316868464f67757063394f6c6835393175507367435252306744712b586668624141414c636b6c455156516239574254623541735a43414a666e67313175534c3831583939427276686c6a7a4d7277536d4b65697a6e6f68425252306747765376716c6c757954516b30694348303476653161767363592f6b6c42726c764159497939634372746a354e616361435342676735515a364d37787973476765434f643435344e4e62686c5730357958714e467873737252596f775375422b53415831536a334967595564494272387663576f64744e457630475366447a2b793673567537576137443576564e7154534c464b3445356f57717349314a41515165344a6b50756a6c5844544f49554a4d45507238622b7075643472614a4e6130564b384570675072524642436a6f414e6473524e66456779595258546f76504370726f2b64346b78354c64427045697566534f6542555745756b6749494f634d3175694a53314d4c4d3443556e77775342537539356a4e6f38307268596f79556636506a363455784a38706c79526b51514b4f734131652f70322b32476a534c3945457235587137416d44793839532f556363396f2f6b6c77525a6e4538307663746a524844314e303559556743425233676d74325462744e436a514b7570584f432b6d444d52397048626a4f4939427a533978314769464470316b516b6759494f634633574445672f5a42547056306a43743077534c66726768525a4d3733482f3053376361384e4a6e613950354669495156435242416f367748554c4e6767546b494a76715a7276337248654d546c346c30476b5a7a414c5069726f6c4c6758446b34765252496f364144583766376d6f522f4c417630635366694f4c783868652f627557452b6f5163444c686e78455936544d54716d434a46445141613562763437524c4e516f6a434f4561456a4452775664494e2f3563767a42397a585a61684470576379452f7377532f6a7143676735516a39594e54502f63494e43506b595276534a5436744b44666d52436b34415a4a6e7a6d424346445141657156505568386b784b436d334e3052676d70374e49327a4f65504439365647724c4c494e44546d4246396d5554684f464a415151656f56387637705831766b59563953454c6e413770452f396e33746969507237646a304a3078336c416a7673536d4d7958634c4836424746445141657064584c41306d654261757135436a6549615872616c2b793332485161526e734b73364d4d7330573858396b6e42392b6c5230414871332f7a654b6239595a5745336b7443484a4e414c62574c4e6e2f43795064336168436e42426e5470656a4549644364535145454861444352466e4561727158724931696d3831392b734b6d5870323371646174394236366c4e7a784b694c755a7a62416453614367417a535978552b6e2f6d71573642346b3063412f616b704b496f4f6b39627874563966575957716f535a694d475770594a6f6d2b2f316150704b7449416755646f45464642556d54434c7230426d557a696c506d3930347035334862376b774f66733867304a4f597051616a52566d6b75596742425231416a7937396c466e4339623247496c475332796247764a4c5837527438643677534a464e6353323867466f6b65584e49333956736b6759494f6f4973776b7a675658587144594461544f4f72317276464f6e6a647955712b3048515942643777336845694c4e416b706f4b414436475a462f3754544a70467551524c31334a334a77765a314139506635333037553679435a6a55494b447a3133353176574e6f333954736b6759494f6f4b7349737a694645754a4345765644704b536f61624130306c2b3274324f5364593873554c79617450376d76795135335041366b6b4242423944643876357032556152626b595339634962465354316e646337706368664e766a35652b4e557130475969716d72702b35634674365932534d5a4c354a42515166776a5a5a52706779426b6c6f6b635831436a634b4d6c6633546a766a62646a393358355064736b422f785178656e79435a62683936542b78714a41456f364f417a5535394976474b5668525649346a6f364d346c2b4d4b4a4c4d372f386d746d646955476153614c34457474316b415236507359716a3767334e595168445542424235394b6954444f7070545549496d364d346a306c7a6178357164756a7a5037375476794239386475306643746652724f336854556830544a443635384b6b5542394941464854676f6b73505270642b4c5a315a62744e673662474d52784b712f586b2f486b67503055494d776a68434344724d75744873466d6e41752f3353666b51556749494f334569774757594a364e4c2f4d6c6d6768516d68386b4f4c2b71526543495439695132525035514669736574366c444d49307a69714e5850704f466a52344343446e78357130645367566b53336b55536634355355685675457035592b46524b56714473303973396b6a536a534b646864762b61434c50343276704236597551424b4367413565537777327a3061582f5354456e704372534a443638656b4436563447326231756654663941467567336d4f552f37737a447a654c6f3951505435794d4b5145454866727630376b6d465a6b6c596769522b6d795451533032437055357242365a2f4870416e4b35517979372f75654d6531394e38703568466d385a554e4139506e49417041515166755251654a6379676831556a697634703554724e5175644f372f644a2b43755439544c415a446870452b69566d2f44384f3070513449307a69732b734870693945476f4343446e3568555a395568316d692b50546a2f3241533656644e72644a396935354b4f522f6f2b7a716a52354957613558475964622f31386c63515a524636724a2b555070617041456f364f4258346f4c6c6851496c70556943454c4e453937534c732f783963642f552f4d61797a3931766966724d4974476a6d48314344434c394d694655766d33564d326e486b4161676f4950665766425553706c56467435757a426c51516853724c4d78383463476d50535938307178523353683458336f4973356e45365931392f6f4e6c5964364e73615948466a36566b6f2b6a41745268375144775a6536685338476635316166557a515732396a325861536b504e496944567239544e7165786a722f68383956434d732b7566715456324d334e4c5a396c7757615a3765497a36376f6e2f59526a67534144683338337173504e61304b61595466793559462b6d74306b4852485979376d6842447959504e514c6349736a6d35732b783173454a61306a444b32527a4548644f675155445a2f585354742b6158306b45746c397a5743335755576953362f4e7a336b35574833784c6b782b2f2f536338585a7262554b3678336f2b326b5136412b787764494c5335354f2f52617a44696a6f454a4265324a5364654c6e4b2b35334b5347536737714e415355474553527936646d443666737a342f7a5a7564323734615966377546646a4c514e782f30524b4c6f59617862465033523631745573726d346f5a4278523043476a506238712b2b57715639794f566b5a4241327a657a524e2b4c43355a6658506855796c584d39473937646c316d4f346454505270494a335779514338477958545748636e4271346264472b66434c414d4b4f6a536d54763275793158652f536f6a6f5148536c5a65456d38515837307979376e6a326e6a674e4d2f776e4a33556273322b365775303970444953346565462f4b5252704173364a6c6b33762f52414578527951454748786e70517a3771706f4562646f326773336d392f624a5234676952685856716b386332705479546957667336474c6b314a7a572f7772764871374532666e6279356a614b394b425a457061754835683268464b4b56397343436a72416d46323555546d6c37725575685858317330316e5a6f6c2b464777517871775a6b49377656312b6a5a5a39654d582b6156626d7778737565356633595a52426f746943514c556b327736725a505a4d76597659414252336750307a5a6d7965644b33455071765a6f302f33687571705a6f6b63694c644c555a5831545038667331592f42367a4c764c5846704378574e746556707532534246737343325256694644636e6852752b48766449676f4c5a4168523067443878636d754f2f5771564e384f6c7373456149326175666c5355754332537344564970752b75475a434f543449326742384b33634b632f586c5075565832696b646c485879314853496c46383253734d387330666566667a442b6b3975616d4648454151556434467138744355377a6c476a446e4d71624b6a43574a51504e3057564266717a536152626b73494e4732643054334a6764687265695249765858776737355a53707a72457262496e7441612b6355366b704e676f30754f535144384a4e5170486d3451614d73632f696b3463554e4142367332527a457070302f4743626c5665726165717361353633424650436647594a4871634d584b6753596938642b46544b546d5943642b705a557834666d31575237657133654e56795a3061496530563764704f3868676878436a51516b4c4a57554c494b594e417637636168422b57395538394b564f4b4a784d414252314144327550467869505a56563272505a6f447a4a43626c4530316c356c4a4f77363137737155464a6b464f6d5041715866535a523864572f7a304f505033685654693854354e4846766e69414b31483675794e5663497954427262416f733054445645614371723161424347456d4356615a52427070614b785771664369714d74307155716a3361355332746239736e4c7456577a6e307a4358656d4167673741692b4e3531644b324c777269696d715535695a4a5343683371346b5753596a7761697a6372624c2f396349616b524a506b437734504371724a495155474553614879514c4f53706a4639594d534339436d674141414141414141414141414141414141414141414141414141414141414141414141414141414141414141414141414141414141414141414141414141414141414141442f707a3034494141414141415138763931517749414141414141414141414141414141414141414141414141414141414141414141414141414141414141414141414141414141414141414141414141414141414141414141414141414141414141414141414141414141414141414141414141414141414141414141414141414141414141414141414141414141414141414141414141414141414141414141414141414141414141414141414141414141414141414141414141414141414141414141414141414141414141414141414141414141414141414141414141414141414141414141414141414141414141414141414d7745775a714f6d47526d4c736741414141415355564f524b35435949493d, 'png');

--
-- Extraindo dados da tabela `isaida`
--

INSERT INTO `isaida` (`id_isaida`, `id_saida`, `id_produto`, `qtd`, `valor_unitario`) VALUES
(1, 1, 38, 14, '4.29'),
(2, 1, 39, 2, '6.39'),
(3, 1, 106, 11, '4.90'),
(4, 1, 102, 3, '8.99'),
(5, 2, 285, 7, '6.99'),
(6, 2, 109, 1, '7.99'),
(7, 2, 285, 1, '6.99'),
(8, 2, 286, 7, '5.19'),
(9, 2, 39, 1, '6.39'),
(10, 2, 103, 1, '8.99'),
(11, 2, 109, 1, '7.99'),
(12, 3, 168, 20, '3.85'),
(13, 4, 137, 40, '4.69'),
(14, 5, 202, 2, '7.45'),
(15, 5, 54, 3, '7.99'),
(16, 6, 125, 10, '2.79'),
(17, 7, 227, 48, '3.29'),
(18, 8, 203, 4, '2.69'),
(19, 8, 34, 3, '2.15'),
(20, 8, 205, 3, '2.49'),
(21, 9, 99, 10, '17.99'),
(22, 10, 48, 13, '6.98'),
(23, 11, 48, 12, '6.98'),
(24, 12, 392, 1, '2.89'),
(25, 12, 386, 4, '3.20'),
(26, 12, 393, 1, '2.99'),
(27, 12, 362, 2, '3.84'),
(28, 12, 363, 2, '3.77'),
(29, 12, 394, 1, '3.52'),
(30, 12, 150, 7, '1.89'),
(31, 13, 253, 1, '4.19'),
(32, 13, 211, 1, '4.69'),
(33, 13, 208, 2, '12.19'),
(34, 14, 252, 2, '1.89'),
(35, 15, 146, 2, '1.69'),
(36, 16, 363, 1, '3.77'),
(37, 16, 362, 2, '3.84'),
(38, 17, 237, 3, '6.59'),
(39, 17, 398, 4, '1.55'),
(40, 18, 236, 3, '6.49'),
(41, 19, 346, 10, '7.29'),
(42, 20, 346, 2, '7.29'),
(43, 21, 150, 1, '1.89'),
(44, 22, 106, 1, '4.90'),
(45, 23, 229, 3, '2.39'),
(46, 24, 340, 1, '1.49'),
(47, 24, 339, 1, '3.29'),
(48, 25, 340, 1, '1.49'),
(49, 25, 383, 1, '3.09'),
(50, 25, 342, 1, '1.59'),
(51, 25, 338, 1, '2.85'),
(52, 25, 343, 4, '2.99'),
(53, 26, 170, 2, '3.99'),
(54, 26, 166, 2, '3.79'),
(55, 26, 171, 7, '4.39'),
(56, 26, 168, 8, '3.85'),
(57, 27, 180, 4, '1.29'),
(58, 27, 257, 1, '1.69'),
(59, 27, 184, 1, '1.05'),
(60, 27, 266, 5, '1.99'),
(61, 28, 311, 1, '1.29'),
(62, 28, 193, 3, '3.45'),
(79, 36, 98, 9, '9.49'),
(80, 36, 137, 15, '4.69'),
(81, 37, 228, 12, '2.99'),
(82, 37, 224, 12, '3.29'),
(83, 38, 224, 12, '3.29'),
(84, 39, 227, 122, '3.29'),
(85, 40, 364, 13, '2.37'),
(86, 41, 159, 6, '2.69'),
(87, 42, 335, 3, '13.99'),
(88, 43, 295, 5, '18.90'),
(89, 44, 247, 1, '2.59'),
(90, 44, 155, 4, '3.85');

--
-- Extraindo dados da tabela `memorando`
--

INSERT INTO `memorando` (`id_memorando`, `id_pessoa`, `id_status_memorando`, `titulo`, `data`) VALUES
(1, 6, 2, 'Teste', '2020-06-16 21:32:11'),
(2, 7, 2, 'Memorando Teste da plataforma...', '2020-06-16 22:06:11'),
(3, 7, 2, '18 14:23', '2020-06-18 17:23:50');

--
-- Extraindo dados da tabela `origem`
--

INSERT INTO `origem` (`id_origem`, `nome_origem`, `cnpj`, `cpf`, `telefone`) VALUES
(2, 'Doador não Identificado', '00.068.903/0001-04', '', '(22)25225-130');

--
-- Extraindo dados da tabela `pessoa`
--

INSERT INTO `pessoa` (`id_pessoa`, `cpf`, `senha`, `nome`, `sobrenome`, `sexo`, `telefone`, `data_nascimento`, `imagem`, `cep`, `estado`, `cidade`, `bairro`, `logradouro`, `numero_endereco`, `complemento`, `ibge`, `registro_geral`, `orgao_emissor`, `data_expedicao`, `nome_mae`, `nome_pai`, `tipo_sanguineo`, `nivel_acesso`, `adm_configurado`) VALUES
(6, 'admin', '9dcc9cbd309bfe63101c96687fb79ca847e9f238ce965f82eb44e8daf825cdbb', 'admin', NULL, NULL, NULL, NULL, NULL, NULL, NULL, NULL, NULL, NULL, NULL, NULL, NULL, NULL, NULL, NULL, NULL, NULL, NULL, 0, 0),
(7, '001', '9dcc9cbd309bfe63101c96687fb79ca847e9f238ce965f82eb44e8daf825cdbb', 'Douglas', 'José da Costa', 'm', '(22)99999-99999', '1987-06-17', '', '', '', '', '', '', '', '', '', '30.555.555-2', 'Detran/RJ', '2015-10-18', '', '', '', 0, 0),
(8, '002', '9dcc9cbd309bfe63101c96687fb79ca847e9f238ce965f82eb44e8daf825cdbb', 'Marta', 'Silva Santo', 'f', '(22)99999-8888', '2000-08-06', '', '', '', '', '', '', '', '', '', '08.777.333-2', 'Detran/RJ', '2007-04-14', '', '', '', 0, 0),
(9, '003', '9dcc9cbd309bfe63101c96687fb79ca847e9f238ce965f82eb44e8daf825cdbb', 'Josimar', 'Pereira da Costa', 'f', '(22)55555-4444', '1955-02-07', '', '', '', '', '', '', '', '', '', '12.131.456-7', 'Detran/RJ', '2005-03-12', '', '', '', 0, 0);

--
-- Extraindo dados da tabela `produto`
--

INSERT INTO `produto` (`id_produto`, `id_categoria_produto`, `id_unidade`, `descricao`, `codigo`, `preco`) VALUES
(2, 2, 5, 'Macarrão Galo Parafuso 1kg', '7896022200541', '4.99'),
(3, 2, 5, 'Macarrão Galo Ninho N2 1kg', '7896022200671', '8.55'),
(4, 2, 5, 'Macarrão Galo Tortiglione 500g', '7896022200480', '3.79'),
(5, 2, 5, 'Macarrão Galo Ninho N2 500g', '7896022200664', '4.45'),
(6, 2, 5, 'Massa Rigatone Piraque Com Ovos 500Gr', '7896024733283', '4.29'),
(7, 2, 5, 'Massa Talharim Largo Com Ovos Piraque 500Gr', '7896024732477', '5.40'),
(8, 2, 5, 'Massa Sêmola Don Sapore 500G PADRE NOSSO', '7896021314249', '2.07'),
(9, 2, 5, 'Massa De Lasanha de sêmola Santa Amália 500G', '7896021302826', '8.00'),
(10, 2, 5, 'Macarrão Talharim Carneiro Com Ovos Caseira 500G', '7897015300101', '6.69'),
(11, 2, 5, 'Massa com Ovos Pinheiro Goelinha 500g', '7896020003182', '2.07'),
(12, 2, 5, 'Macarrão Com Ovos Ninho Dona Benta Pacote 500g', '7896005286609', '3.65'),
(13, 2, 5, 'Massa Gravata Com Ovos Piraque 500Gr', '7896024733870', '4.35'),
(14, 2, 5, 'Massa Parafuso Sêmola Dona Benta 500Gr', '7896005286555', '3.70'),
(15, 2, 5, 'Macarrão Com Ovos Dona Benta Parafuso 500G', '7896005286593', '3.79'),
(16, 2, 5, 'Massa Com Sêmola Santa Amalia Parafuso 1Kg', '7896021300556', '4.99'),
(17, 2, 5, 'Massa Parafuso Sêmola N2 Galo 500Gr', '7896022200534', '3.79'),
(18, 2, 5, 'Massa Parafuso Piraque Com Ovos 500Gr', '7896024733108', '4.29'),
(19, 2, 5, 'Macarrão Com Ovos Santa Amália Parafuso 500G', '7896021300433', '3.99'),
(20, 2, 5, 'Macarrão Farfalle Santa Amalia Ovos 500G', '7896021302987', '4.85'),
(21, 2, 5, 'Macarrão Galo Sêmolado Espaguete Nº8 1Kg', '7896022200763', '4.45'),
(22, 2, 5, 'Macarrão Espaguete Santa Amalia Sêmola N8 1Kg', '7896921300099', '4.99'),
(23, 2, 5, 'Massa Penne Sêmola Dona Benta 500Gr', '7896005281697', '3.70'),
(24, 2, 5, 'Macarrão Ninho Knorr Massa De Sêmola 500G', '7891150062436', '3.59'),
(25, 2, 5, 'Macarrão Parati Com Ovos Ninho Largo Pa 500G', '789601110728', '5.49'),
(26, 2, 5, 'Aldente massa alimentícia Sêmola Ninho Largo 500G', '7896024742438', '4.99'),
(27, 2, 5, 'Massa Aldente Piraquê Ninho Fino 500g', '7896024742353', '5.19'),
(28, 2, 5, 'Massa Espaguete Renata Com Ovos N8 500Gr', '7896022200282', '4.59'),
(29, 2, 5, 'Macarrão Sêmola Santa Amália Espaguete Nº8 500G', '7896021300082', '3.59'),
(30, 2, 5, 'Macarrão Miojo Nissin Lámen Galinha Caipira', '7891079000229', '1.69'),
(31, 2, 5, 'Macarrão Instantâneo Nissin Molho De Queijo 88G', '7891079013229', '1.69'),
(32, 2, 5, 'Arroz Ouro Branco 5Kg', '789744380069', '14.99'),
(34, 2, 5, 'Açúcar Refinado Guarani 1Kg', '7896109801005', '2.15'),
(35, 2, 5, 'Feijão Pereira 500G Vermelho', '7898084091334', '5.75'),
(38, 2, 5, 'Feijão Big Bóia preto 1k', '7898096596018', '4.29'),
(39, 2, 5, 'Feijão Caldo Carioca Preto 1k', '7898007290288', '6.39'),
(40, 2, 5, 'Feijão Granfino Carioquinha 500g', '7896016501043', '6.99'),
(41, 2, 5, 'Fubá Perreira 1k', '7898084090467', '2.79'),
(42, 2, 5, 'Fubá Granfino 1k', '7896016500022', '3.79'),
(43, 2, 5, 'Fubá Mimoso Anchieta 1kg', '7896505600011', '2.29'),
(44, 2, 5, 'Café Porto Novo 500G', '7896295700052', '6.99'),
(45, 2, 5, 'Arroz Ouro Branco 5Kg Parboilizado', '7897443800204', '14.99'),
(46, 2, 5, 'Café Palmares 250G', '7896213270001', '3.99'),
(47, 2, 5, 'Arroz Rei Arthur 2kg Tipo 1', '7896754600213', '5.79'),
(48, 2, 5, 'Café Palmares 500G', '7896213280000', '6.98'),
(49, 2, 5, 'Arroz Fighera 2kg Tp1', '7898956320029', '8.99'),
(50, 2, 5, 'Café Pilão 500G ', '7896089012019', '8.95'),
(51, 2, 5, 'Arroz Sepé 5Kg Tradicional', '7896009833557', '14.89'),
(53, 2, 5, 'Arroz Rampinelli Branco 5kg', '7896546112252', '15.95'),
(54, 2, 5, 'Café Bonjardinense 500G', '7897044005008', '7.99'),
(55, 2, 5, 'Arroz Iguatemi 5kg', '7898006310024', '14.99'),
(56, 2, 5, 'Café 2000 500g', '7898096542558', '6.99'),
(57, 2, 5, 'Arroz Fighera Palido 5kg', '7898956320098', '14.99'),
(58, 2, 5, 'Arroz Agulhinha Tipo 1 Qualitá Pacote 5kg', '7895000318612', '14.99'),
(60, 2, 5, 'Café do Ano 500g', '7897823100207', '6.99'),
(61, 2, 5, 'Café Pelé 500G', '7892222310523', '9.49'),
(64, 2, 5, 'Café Marques Da Costa 500G Tradicional', '7898961401089', '11.25'),
(65, 2, 5, 'Café 3 Corações Extra Forte 500G', '7896005801529', '9.99'),
(66, 2, 5, 'Arroz Tio João Classe Logo Fino 1Kg', '7893500020110', '4.36'),
(67, 2, 5, 'Arroz Fighera Tipo 1 1Kg', '7898956320012', '4.60'),
(68, 2, 5, 'Arroz Granfino Tipo 1 1Kg', '7896016501326', '4.60'),
(71, 2, 5, 'Arroz Sepé 1Kg Tradicional', '7896009833762', '2.79'),
(73, 2, 5, 'Arroz Palmares Polído Plus 1kg', '7897066791019', '3.79'),
(74, 2, 5, 'Café Melitta 500G', '7891021006125', '10.15'),
(75, 2, 5, 'Arroz Agulhinha Tipo 1 Qualitá Pacote 1kg', '7895000318629', '3.19'),
(76, 2, 5, 'Café Pelé Vácuo 500G', '7892222300500', '7.79'),
(77, 2, 5, 'Arroz Verinha Tipo 1 Polido Pacote 1kg', '7897387000036', '4.25'),
(78, 2, 5, 'Arroz Ouro Branco 1Kg Parboilizado', '7897443800198', '3.50'),
(79, 2, 5, 'Pimpinela Golden Vacuo 500G', '7896081800362', '8.48'),
(80, 2, 5, 'Arroz Gladiador 1Kg', '7896754600510', '2.79'),
(81, 2, 5, 'Café Fort 500G', '7896005800546', '8.69'),
(82, 2, 5, 'Arroz Branco Granfino 1Kg', '7896016501197', '3.89'),
(83, 2, 5, 'Arroz Sepé tipo 1 Bianco 2kg', '7896009863752', '7.25'),
(84, 2, 5, 'Café Pilão Vácuo Extra Forte 500G', '7896089013405', '8.79'),
(86, 2, 5, 'Arroz Agulhinha Tipo 2 Bom Chef 1kg', '7897236905086', '2.25'),
(88, 2, 5, 'Arroz Agulhinha Tipo 1 Bom Chef Pacote 1kg', '7897236906816', '3.19'),
(89, 2, 5, 'Café Garoto 500G', '7897823100184', '6.99'),
(90, 2, 5, 'Arroz Branco Tio João Pacote 2 kg', '7893500020134', '10.95'),
(91, 2, 5, 'Arroz Rei da Panela Tipo 1 1kg', '7898172900203', '3.19'),
(94, 2, 5, 'Café Melitta Extra Forte vacuo 500G', '7891021006934', '11.95'),
(95, 2, 5, 'Café São Fidélis 500G', '7898096540028', '5.49'),
(96, 2, 5, 'Café Três Corações Tradicional 500G', '7896005800010', '9.39'),
(97, 2, 5, 'Leite Em Pó Integral Gloria 400G', '7896183210083', '11.50'),
(98, 2, 5, 'Leite Em Pó Integral Fazenda Do Rio Sachê 400G', '7897137000361', '9.49'),
(99, 2, 7, 'Leite Ninho Fort+instantâneo 400G', '7891000142202', '17.99'),
(100, 2, 5, 'Leite Em Pó Mil Instantâneo Integral 400Gr', '7897236905352', '9.98'),
(101, 2, 7, 'Leite Em Pó Gloria 300G', '7896183210045', '11.49'),
(102, 2, 5, 'Feijão Caldo Novo 1k', '7898954144016', '8.99'),
(103, 2, 5, 'Feijão Com Brasil 1k', '7896101062015', '8.99'),
(104, 2, 5, 'Feijão Preto Anchieta 1k', '7896505602404', '5.19'),
(105, 2, 5, 'Feijão Kicaldo 1k', '7896116900647', '6.49'),
(106, 2, 5, 'Feijão Flor Do Sul', '7898929975010', '4.90'),
(107, 2, 5, 'feijão Preto Qualitá', '7895000319008', '6.99'),
(108, 2, 5, 'Feijao Preto Big Mil 1k', '7897236901019', '5.45'),
(109, 2, 5, 'Feijão Preto Granfino 1k', '7896016501227', '7.99'),
(110, 2, 5, 'Feijao Preto Bom Chef 1k', '7897236906823', '6.89'),
(112, 2, 5, 'Fubá Rosa Alimentos 500G', '7896999100264', '1.79'),
(113, 2, 5, 'Fubá Pré Cozido Yoki 1Kg', '7891095200191', '6.15'),
(114, 2, 3, 'Suco  Cajú Imbiara 980ml', '7896859100618', '5.99'),
(116, 2, 3, 'Suco de Uva Imbiara 500ml', '7896859100625', '3.19'),
(118, 2, 3, 'Suco de Maracujá Imbiara 500ml', '7896859100595', '11.99'),
(120, 2, 3, 'Suco Pronto Imbiara Uva Garrafa 980M', '7896859100694', '10.99'),
(122, 2, 7, 'Leite em Pó Instantâneo Itambé 300G', '7896051130291', '12.79'),
(123, 2, 5, 'Biscoito Salgado Marilan 400G', '7896003703214', '4.99'),
(124, 2, 5, 'Biscoito mabel salgado 400G', '7896071003162', '4.98'),
(125, 2, 5, 'Biscoito Salgado Duchen 400G', '7896023600340', '2.79'),
(126, 2, 5, 'Biscoito Parati Cracker Água e Sal 370g', '7896011102566', '3.19'),
(127, 2, 5, 'Biscoito Salgado Renata 360G', '7896022205164', '3.58'),
(128, 2, 5, 'Biscoito Bauducco Levíssimo Água E Sal 200G  ', '7891962014999', '2.99'),
(129, 2, 5, 'Biscoito de Maisena Mabel 400G', '7896071001953', '4.29'),
(130, 2, 5, 'Biscoito Parati Maisena 370G', '7896011102580', '3.25'),
(132, 2, 5, 'Biscoito Maizena duchen 200G', '7896023600111', '2.55'),
(133, 2, 5, 'Biscoito Maisena  Bauducco 170G', '7891962032450', '2.70'),
(135, 2, 5, 'Biscoito Salgado Duchen 200G', '7896023600074', '1.89'),
(136, 2, 5, 'Biscoito De Maizena Cadore 200G', '7896010607536', '2.50'),
(137, 2, 5, 'Biscoito PIRAQUÊ Maizena  200g', '7896024722324', '4.69'),
(139, 2, 5, 'Biscoito  Duchen Specialat Maizena  400G', '7896023600364', '3.49'),
(140, 2, 5, 'Biscoito Maizena de Chocolate Marilan 400G', '7896003702934', '4.29'),
(141, 2, 5, 'Biscoito De Maisena Renata 360G', '7896022205201', '2.95'),
(142, 2, 5, 'BISCOITO MAIZENA Filler 200G ', '7898045271058', '2.41'),
(143, 2, 5, 'Biscoito Maria 370G', '7895000483013', '4.39'),
(144, 2, 5, 'Biscoito Salgado Renata Cream Cracker 200G', '7896022205157', '2.59'),
(145, 2, 5, 'Biscoito Recheado Bauducco 140G', '7891962008387', '2.39'),
(146, 2, 3, 'Vinagre Alcool Colorido Mil 750ml', '7897236901828', '1.69'),
(147, 2, 3, 'Vinagre de Maçã Toscano 750ml', '7891144000147', '3.89'),
(148, 2, 3, 'Vinagre de Maçã Peixe 750 mL', '7896089321050', '5.59'),
(149, 2, 5, 'Molho de Tomate Tradicional Fugini Sachê 340g', '7897517206086', '1.69'),
(150, 2, 5, 'Molho de Tomate  Pramesa Sachê 340', '7898920223363', '1.89'),
(151, 2, 5, 'Molho de Tomate Primor Tradicional 340G', '7891080170591', '1.67'),
(152, 2, 7, 'Extrato de Tomate Quero  350G', '7896102502190', '2.98'),
(153, 2, 5, 'Molho Tomate Pomarola Tradicional 340G', '7896036095904', '2.28'),
(155, 2, 5, 'Leite Condensado Semidesnatado ITALAC 395G', '7898080640413', '3.85'),
(156, 2, 7, 'Extrato de Tomate Elefante 375G', '7896036097069', '5.29'),
(157, 2, 5, 'Orégano Marca do Sabor  100G', '7896269300912', '6.99'),
(158, 2, 3, 'Azeite  Extra Virgem O Live 500ml', '7804622380167', '18.99'),
(159, 2, 5, 'Trigo Para Kibe Bom Chef 500Gr', '7897236906915', '2.69'),
(160, 2, 5, 'Milho De Pipoca Premium Yoki 500Gr', '7891095006984', '3.35'),
(161, 2, 5, 'Milho De Pipoca Bom Chef 500Gr', '7897236906908', '2.95'),
(162, 2, 3, 'Adoçante Assugrin 100Ml', '7896060010492', '2.95'),
(164, 2, 3, 'Adoçante Assugrin 200ml', '7896060009618', '5.91'),
(165, 2, 3, 'Adoçante Adocyl Sacarina 200ML', '7891104393067', '5.10'),
(166, 2, 3, 'Óleo de Soja SOYA  900ml', '7891107101621', '3.79'),
(168, 2, 3, 'Óleo de Soja LIZA  900ml', '7896036090244', '3.85'),
(169, 2, 3, 'Óleo de Soja QUALITÁ 900ml', '7895000327874', '3.89'),
(170, 2, 3, 'Óleo Soja Sinhá 900ml', '7892300030060', '3.99'),
(171, 2, 3, 'Óleo de Soja Corcovado 900ML', '7898247780068', '4.39'),
(173, 2, 3, 'óleo de soja refinado abc  900ml', '7896242200048', '4.29'),
(174, 2, 2, 'FARINHA DE TRIGO DONA BENTA 1K', '7896005202074', '4.79'),
(175, 2, 2, 'Farinha de Trigo Rosa Branca 1K', '7892020200194', '3.29'),
(176, 2, 2, 'FARINHA DE TRIGO BOA SORTE TRADICIONAL 1KG', '7891080000300', '4.25'),
(177, 2, 2, 'Farinha de Trigo Tulipa Branca 1K', '7892020000572', '3.29'),
(178, 2, 2, 'Farinha de Trigo Granfino 1 kg', '7896016501234', '3.35'),
(179, 2, 2, 'Sal Refinado CISNE  1kg', '7896035210001', '2.49'),
(180, 2, 2, 'SAL PEREIRA  1K', '7898084090726', '1.29'),
(181, 2, 2, 'Sal Marinho Kodilar 1kg', '7896256040302', '1.89'),
(182, 2, 2, 'SAL REFINADO MIRAMAR 1K', '7896110100012', '1.45'),
(183, 2, 2, 'Sal Refinado Polar  1K', '7896029313015', '1.20'),
(184, 2, 2, 'SAL REFINADO DUNORTE 1K', '7898124620012', '1.05'),
(185, 2, 2, 'SAL REFINADO ROSA ALIMENTOS 1K', '7896612400801', '1.10'),
(186, 2, 2, 'FARINHA DE MANDIOCA AMERELA 1K', '7897270139812', '4.99'),
(187, 2, 2, 'Farinha de Mandioca Torrada Granfino 1K', '7896016500985', '5.19'),
(188, 2, 2, 'Farinha de Mandioca da Roça 1K', '7898342920017', '6.90'),
(189, 2, 2, 'FARINHA DE MANDIOCA ROCHA 1K', '7896655401032', '2.99'),
(190, 2, 2, 'Açúcar Cristal  União 5K', '7891959009922', '12.04'),
(193, 2, 2, 'Fubá Sinhá 1Kg', '7892300001480', '3.45'),
(194, 2, 2, 'Achocolatado Em Pó Nescau 800G', '7891000284117', '11.99'),
(195, 2, 5, 'Achocolatado Chocolatto 3 Corações 300g', '7896005804391', '3.39'),
(196, 2, 5, 'Achocolatado em Pó Qualitá 400g', '7895000473021', '3.99'),
(197, 2, 5, 'Achocolatado  Mil  400Gr', '7897236905604', '3.59'),
(198, 2, 5, 'Biscoito Rosquinha Mabel  400G', '7896071004862', '4.89'),
(199, 2, 5, 'Farinha De Aveia Yoki 170G', '7891095028337', '3.29'),
(200, 2, 5, 'Farinha Aveia Quaker 165g', '7892840815783', '4.25'),
(201, 2, 2, 'Achocolatado  Anchieta 1,001k', '7896505600837', '7.98'),
(202, 2, 2, 'Café Caboclo 500g ', '7896089011470', '7.45'),
(203, 2, 2, 'Açúcar Refinado União 1k', '7891910000197', '2.69'),
(204, 2, 2, 'Açúcar Refinado Caravelas 1k', '7896894900013', '2.99'),
(205, 2, 2, 'Açúcar Refinado Neve 1k', '7891910004010', '2.49'),
(206, 2, 2, 'Açúcar Cristal Guarani 5kg', '7896109800039', '12.15'),
(207, 2, 2, 'Açúcar Cristal Mixçucar 5kg ', '7898994757917', '14.37'),
(208, 2, 2, 'Açúcar Cristal Vivaçúcar  5Kg', '7898994554516', '12.19'),
(209, 2, 2, 'Açúcar Cristal Bom Gosto 5K', '7898932776321', '8.98'),
(210, 2, 2, 'AÇÚCAR CRISTAL PAINEIRAS 2K', '7896034900101', '5.50'),
(211, 2, 2, 'Açúcar Cristal Caravelas 2k', '7896894900075', '4.69'),
(212, 2, 2, 'Açúcar Cristal Nutrisúcar 5k', '7898994146742', '12.96'),
(213, 2, 2, 'Canjiquinha Anchieta 1 Kg', '7896505600066', '2.55'),
(214, 2, 2, 'Canjiquinha  Granfino  1Kg', '7896016500084', '3.39'),
(215, 2, 2, 'Canjiquinha Pereira  1K', '7898084091778', '3.29'),
(216, 2, 2, 'Canjiquinha  Sinhá 1Kg', '7892300004016', '4.10'),
(217, 2, 2, 'Farinha De Mandioca Do Zé 1k', '7897702512374', '4.90'),
(223, 2, 3, 'Leite  Integral Glória 1 Litro', '7896183210007', '4.39'),
(224, 2, 3, 'Leite Integral Leco 1L', '7892999150124', '3.29'),
(226, 2, 3, 'Leite  Desnatado Godam  1L', '7898227280625', '3.49'),
(227, 2, 3, 'Leite  Macuco Integral 1L', '7896991770144', '3.29'),
(228, 2, 3, 'Leite Desnatado Macuco  1L', '7896991770151', '2.99'),
(229, 2, 3, 'Biscoito Aymoré Maizena 200G', '7896058204872', '2.39'),
(230, 2, 5, 'Biscoito Maizena  Triunfo 200G', '7896058204537', '2.42'),
(231, 2, 5, 'Biscoito de Maizena  Vitarella 400g', '7896213002619', '4.19'),
(232, 2, 3, 'Leite  Integral Italac 1L', '7898080640017', '3.39'),
(233, 2, 3, 'Leite Integral Itaocara 1L', '7896760000014', '3.29'),
(234, 2, 5, 'Amido de Milho Maizena 500G', '7894000010021', '8.99'),
(235, 2, 5, 'Amido de Milho Apti 500g', '7896327512363', '3.79'),
(236, 2, 5, 'Farinha Láctea  NESTLÉ Sachê 210g', '7891000099032', '6.49'),
(237, 2, 5, 'Neston Nestlé Sachê 210g', '7891000098950', '6.59'),
(238, 2, 5, 'Mucilon  Nestlé Sachê  230G', '7891000012123', '3.95'),
(239, 2, 5, 'Amido de Milho Apti Sachê 200g', '7896327502210', '1.69'),
(240, 2, 5, 'Amido De Milho Maiscerta 200G', '7896706300642', '1.49'),
(241, 2, 5, 'Fermento em Pó Royal 100g', '7622300119621', '2.89'),
(242, 2, 5, 'Cravo Da India Grao Mil 8Gr', '7897236901231', '1.85'),
(244, 2, 5, 'CANELA EM PÓ PEREIRA 30G', '7898084091792', '3.65'),
(245, 2, 5, 'GOIABADA ANCHIETA TB 300G', '7896505602619', '3.15'),
(246, 2, 7, 'Goiabada  Predilecta 600g', '7896292330092', '8.79'),
(247, 2, 7, 'Fermento Em Pó Dr. Oetker 100g', '7891048040003', '2.59'),
(248, 2, 5, 'aveia Flocos Finos Florescer e crescer 500g', '7898036144309', '5.00'),
(249, 2, 5, 'Lentilha Mil 500Gr', '7896020002086', '6.75'),
(250, 2, 5, 'Lentilha Granfino 500g', '7896016500213', '6.69'),
(251, 2, 5, 'Pimenta Do Reino Mil Em Po Preta 8Gr', '7897236901521', '1.89'),
(252, 2, 5, 'Canela Da China Casca Mil 8Gr', '7897236901088', '1.89'),
(253, 2, 2, 'Açúcar Cristal Mixçucar 2kg', '7898994757924', '4.19'),
(254, 2, 3, 'Óleo de soja Vila velha 900ml', '7896223709423', '2.97'),
(255, 2, 2, 'Açúcar cristal Pereira 2k', '7898084092027', '4.49'),
(256, 2, 5, 'Açucar Santa Izabel 5k', '7898187830052', '9.99'),
(257, 2, 5, 'Sal Marlim 1k', '7896101711012', '1.69'),
(258, 2, 5, 'Sal  Globo 1kg', '7896029310014', '2.19'),
(259, 2, 5, 'Sal Granfino  1k', '7896016502309', '1.87'),
(260, 2, 5, 'Sal Mestre Kuka 1k', '7898124620067', '1.87'),
(261, 2, 5, 'Sal Supersal 1KG', '7898002360061', '0.99'),
(262, 2, 5, 'sal Pássaro Branco 1k', '7898136400015', '1.85'),
(263, 2, 5, 'Sal Ita 1k', '7898124620098', '2.80'),
(264, 2, 5, 'Sal Refinado Norsal Pacote 1Kg', '7896110100029', '1.45'),
(265, 2, 5, 'Sal Refinado Master 1kg', '7898002360115', '1.38'),
(266, 2, 5, 'Sal Nobre 1k', '7896392200042', '1.99'),
(268, 2, 5, 'Sal Refinado Cisne (light) 500g', '7896035210087', '7.99'),
(269, 2, 5, 'Sal Grosso  Kitano 1k', '7891095010158', '3.79'),
(270, 2, 5, 'Sal grosso para churrasco Cisne 1kg.', '7896035210018', '3.79'),
(272, 2, 5, 'Farinha de Mandioca Torrada GRANFINO 500g', '7896016501005', '3.29'),
(273, 2, 5, 'Farinha de Mandioca Granfino 500g', '7896016501036', '3.59'),
(274, 2, 5, 'Farinha de Mandioca Rosa 1KG', '7896999100011', '3.30'),
(275, 2, 5, 'Farinha de Mandioca Dona Moura 1k', '7896655401209', '4.89'),
(276, 2, 5, 'Farinha De Mandioca  Anchieta 1k', '7896505600202', '3.25'),
(282, 2, 5, 'Canjiquinha Anchieta 500G', '7896505600172', '1.39'),
(283, 2, 5, 'Canjiquinha granfino 500g', '7896016500145', '1.65'),
(284, 2, 5, 'Farinha De Mandioca Rosa 500G', '7896999100233', '2.39'),
(285, 2, 5, 'Feijão Preto Pereira Pacote 1Kg', '7898084090016', '6.99'),
(286, 2, 5, 'Feijão Anchieta Preto 1kg', '7896505602411', '5.19'),
(287, 2, 5, 'Feijão Preto Grãos Brasil 1k', '7897154619843', '6.95'),
(289, 2, 5, 'Feijão Preto Máximo 1k', '7896401100097', '7.19'),
(290, 2, 5, 'Feijão Preto Malú 1kg', '7898007290059', '3.28'),
(291, 2, 5, 'Feijão Preto Copa 1k', '7898096590085', '2.99'),
(292, 2, 5, 'Feijao Preto Mil Tipo 1 1Kg', '7897236900159', '7.55'),
(294, 2, 5, 'Feijão Preto Saboroso 1k', '7897653600083', '6.59'),
(295, 2, 5, 'Arroz Ouro Branco  5Kg', '7897443800068', '18.90'),
(301, 2, 5, 'Arroz Tio João 5k', '7893500020158', '20.99'),
(302, 2, 5, 'Arroz Fino Gosto 5k', '7896272700372', '8.49'),
(304, 2, 5, 'Arroz Jonjão 5k', '7898006310048', '13.99'),
(305, 2, 5, 'Arroz Caçarola 5k', '7896393605037', '9.95'),
(308, 2, 3, 'Leite Integral Quatá 1L', '7896183202187', '4.29'),
(309, 2, 5, 'Macarrão Santa Amália Padre Nosso Sêmola Pacote 1Kg', '7896021300532', '4.99'),
(311, 2, 5, 'Fubá Mimoso Anchieta Pacote 500gr', '7896505600851', '1.29'),
(312, 2, 5, 'Fuba Sinha Pre Cozido Milho 1kg ', '7892300030633', '3.49'),
(313, 2, 5, 'Fubá Granfino de Milho 500g', '7896016500015', '1.99'),
(314, 2, 5, 'Fuba Mimoso Mil 1Kg', '7897236900968', '3.25'),
(315, 2, 5, 'Arroz Sepe Bianco 1k', '7896009863547', '4.19'),
(316, 2, 5, 'Arroz Ouro Branco 1k', '7897443800051', '3.29'),
(317, 2, 5, 'Arroz Rei Arthur Japonês 1Kg', '7896754600336', '4.10'),
(318, 2, 5, 'Arroz Rei Arthur  1Kg', '7896754600220', '4.10'),
(319, 2, 5, 'Arroz Fazenda Parboilizado 1k', '7896389600107', '3.35'),
(320, 2, 5, 'Arroz Ouro O Legítimo 1k', '7898101260804', '3.29'),
(321, 2, 5, 'Arroz Prato Fino 1k', '7896290300189', '3.99'),
(322, 2, 5, 'Café Pimpinela Golden 500G', '7896081800195', '9.98'),
(323, 2, 5, 'Café Pimpinela Tradicional 500G', '7896081800034', '9.79'),
(324, 2, 5, 'Café Pimpinela Tradicional 250G', '7896081800027', '5.25'),
(325, 2, 5, 'Café Melitta Tradicional 500G', '7891021005043', '10.19'),
(326, 2, 5, 'Café á Vácuo Extra forte 3 Corações 500G', '7896005801826', '9.79'),
(327, 2, 5, 'Café Cabloco tradicional á Vácuo 250g', '7896089012460', '4.98'),
(328, 2, 5, 'Café Porto novo 250G', '7896295700045', '3.99'),
(329, 2, 5, 'Café Bonjardinense 250G', '7897044002502', '3.99'),
(330, 2, 5, 'Café Pelé Extra Forte 250G', '7892222310257', '4.49'),
(331, 2, 5, 'Café Rei do Brasil 500G', '7898939165357', '9.49'),
(332, 2, 5, 'Café Caboclo Extra Forte 250G', '7896089016208', '4.45'),
(333, 2, 5, 'Arroz Sepé Bianco 5k', '7896009865657', '16.98'),
(334, 2, 5, 'Arroz Rei Arthur Parabolizado 5kg', '7896754600329', '14.99'),
(335, 2, 5, 'Arroz Gladiador 5kg', '7896754600503', '13.99'),
(336, 2, 5, 'Arroz Big Mil 5Kg', '7897236900036', '14.75'),
(337, 2, 6, 'Adoçante Zero Cal 100ml', '7896094910904', '6.55'),
(338, 2, 6, 'Milho Fugini 300g', '7897517209025', '2.85'),
(339, 2, 6, 'Sardinha Palmeira 125g', '7896117100350', '3.29'),
(340, 2, 7, 'Ervilha Pramesa 300g', '7898556010450', '1.49'),
(341, 2, 6, 'Extrato de Tomate Pramesa 340g', '7898920223608', '2.39'),
(342, 2, 6, 'Molho de Tomate Quero Tradicional 340g', '7896102509410', '1.59'),
(343, 2, 5, 'Farofa Pronta Anchieta 250g', '7896505600875', '2.99'),
(344, 2, 5, 'Leite em Pó Integral Pontual 400g', '7898914832212', '4.99'),
(345, 2, 6, 'Maionese Hellmanns 250g', '7894000050027', '4.56'),
(346, 2, 6, 'Maionese Hellmanns 500g', '7894000050034', '7.29'),
(347, 2, 5, 'Arroz Pereira 1k', '7898084090696', '4.39'),
(348, 2, 7, 'Leite em Pó Glória 400g', '7896183210038', '9.99'),
(349, 2, 5, 'Achocolatado em pó Pontual 400g', '7898914832816', '4.49'),
(350, 2, 5, 'Farinha de Trigo Dona Benta com Fermento 1k', '7896005232705', '5.69'),
(351, 2, 5, 'Macarrão Cadore Parafuso 500g', '7896010602111', '2.79'),
(352, 2, 5, 'Açúcar Cristal Euroçúcar 2kg', '7898994142324', '6.65'),
(353, 2, 5, 'Farinha de Trigo Buquê 1kg', '7896115400100', '1.99'),
(354, 2, 5, 'Macarrão Espaguente Cadore 1kg', '7896010604023', '4.39'),
(355, 2, 5, 'Farinha de Trigo Anchieta 1kg', '7896505600448', '3.29'),
(356, 2, 5, 'Farinha de Trigo Globo', '7896534400064', '3.30'),
(357, 2, 5, 'Macarrão Espaguete Santo Amália 1kg', '7896021300099', '5.59'),
(358, 2, 5, 'Farinha de Trigo Vigor Tradicional 1kg', '7891080147807', '4.19'),
(359, 2, 5, 'Açúcar Refinado Mixçucar 1kg', '7898994757900', '3.60'),
(360, 2, 5, 'Açúcar Refinado Energy 1kg', '7898947566177', '2.43'),
(361, 2, 5, 'Leite em Pó Aurora 400g', '7891164027681', '7.99'),
(362, 2, 6, 'Achocolatado Toddy 200g', '7894321711171', '3.84'),
(363, 2, 6, 'Achocolatado Nescau 200g', '7891000061190', '3.77'),
(364, 2, 5, 'Biscoito Maizena Renata 200g', '7896022205195', '2.37'),
(365, 2, 5, 'Biscoito Parati Leite 370g', '7896011102597', '4.39'),
(366, 2, 5, 'Biscoito Mabel Nata 400G', '7896071021692', '4.49'),
(367, 2, 5, 'Biscoito Marilan Maisena 400g', '7896003703078', '4.19'),
(368, 2, 5, 'Biscoito Marilan Cream Cracker 400g', '7896003703238', '3.99'),
(369, 2, 5, 'Biscoito de Maisena Predilleto 400g', '7898230897520', '3.25'),
(370, 2, 5, 'Biscoito Maisena Marilan Integral 400g', '7896003703382', '5.31'),
(371, 2, 5, 'Biscoito Rosquinha Rancheiro 400g', '7896253400307', '4.99'),
(372, 2, 5, 'Biscoito Marilan Manteiga 400g', '7896003703085', '3.99'),
(373, 2, 5, 'Biscoito Piraquê Maisena 200g', '7896024722676', '4.39'),
(374, 2, 5, 'Biscoito Marilan Maisena 200g', '7896003700800', '1.69'),
(375, 2, 5, 'Biscoito Mabel Leite 400g', '7896071001977', '4.39'),
(376, 2, 5, 'Biscoito Marilan Coco 400g', '7896003703047', '4.59'),
(377, 2, 5, 'Biscoito Marilan Leite 400g', '7896003703061', '5.20'),
(378, 2, 5, 'Biscoito Renata Leite 360g', '7896022205225', '3.58'),
(379, 2, 5, 'Biscoito Maisena Qualitá 370g', '7895000483006', '4.99'),
(380, 2, 5, 'Biscoito de Maisena Naga 1kg', '7897707400355', '7.80'),
(381, 2, 5, 'Biscoito Maisena Casaredo 400g', '7896408440325', '3.95'),
(382, 2, 5, 'Biscoito de Leite Qualitá 370g', '7895000483075', '3.95'),
(383, 2, 7, 'Sardinha com Óleo 88 125g', '7891167023017', '3.09'),
(384, 2, 5, 'Macarrão Espaguete Santa Felicidade 500g', '7896423702811', '1.89'),
(385, 2, 5, 'Farinha de Mandioca Rocha 1kg', '7896655401018', '3.29'),
(386, 2, 7, 'Salsicha Carioca 300g', '7896433641117', '3.20'),
(387, 2, 5, 'Arroz Bom Chef 5kg', '7897236905093', '13.99'),
(388, 2, 5, 'Açúcar Cristal Mil 1k', '7897236906175', '3.27'),
(389, 2, 5, 'Macarrão Espaguete Pinheiro 1kg', '7896020003168', '4.19'),
(390, 2, 5, 'Feijão Vermelho Copa 1kg', '7898096590153', '3.35'),
(391, 2, 5, 'Café Mil 250g', '7896121500016', '4.25'),
(392, 2, 5, 'Salsicha Anglo 300g', '7898430866999', '2.89'),
(393, 2, 7, 'Molho de Tomate Tarantella 340g', '7896036094976', '2.99'),
(394, 2, 5, 'Achocolatado Muky 400g', '7896072005080', '3.52'),
(395, 2, 5, 'Açúcar refinado Topçucar 1kg', '7898932776154', '1.89'),
(396, 2, 5, 'Biscoito Cream Cracker Galo 360g', '7896022207014', '4.19'),
(397, 2, 5, 'Macarrão Espaguete Mil 500g', '7896020000778', '2.99'),
(398, 2, 6, 'Caldo de galinha Anchieta 57g', '7896505602688', '1.55'),
(399, 2, 5, 'Amido de Milho Chinezinho 1kg', '7896046605582', '7.19'),
(400, 2, 5, 'Rosquinha de Nata Mabel 350g', '7896071025126', '4.78'),
(401, 2, 5, 'Biscoito Maria Parati 740g', '7896011103518', '7.19'),
(402, 2, 5, 'Biscoito Naga Leite 1kg', '7897707400294', '7.80'),
(403, 2, 5, 'Macarrão Semla Galo Retalho 5kg', '7896022201616', '15.47'),
(404, 2, 5, 'Macarrão Parati com Ovos Ninho Largo 500g', '7896011107028', '3.49'),
(405, 2, 5, 'Macarrão Don Sapore Parafuso 500g', '7896021314232', '2.29'),
(406, 2, 5, 'Macarrão Galo Pena 500g', '7896022200572', '3.39'),
(407, 2, 5, 'Macarrão Penne Parati 500g', '7896011107363', '3.79'),
(408, 2, 3, 'teste produto', '443242342', '23.00');

--
-- Extraindo dados da tabela `quadro_horario_funcionario`
--

INSERT INTO `quadro_horario_funcionario` (`id_quadro_horario`, `id_funcionario`, `escala`, `tipo`, `carga_horaria`, `entrada1`, `saida1`, `entrada2`, `saida2`, `total`, `dias_trabalhados`, `folga`) VALUES
(2, 4, '', '', '00:00', '', '', '', '', '00:00', '', ''),
(3, 5, '', '', '00:00', '', '', '', '', '00:00', '', ''),
(4, 6, '', '', '00:00', '', '', '', '', '00:00', '', '');

--
-- Extraindo dados da tabela `recurso`
--

INSERT INTO `recurso` (`id_recurso`, `Descrição`) VALUES
(1, 'Módulo Pessoa'),
(2, 'Módulo Material e Patrimônio'),
(3, 'Módulo Memorando'),
(4, 'Módulo Sócio'),
(9, 'Configurações'),
(11, 'Funcionário'),
(12, 'Atendido'),
(13, 'Voluntário'),
(21, 'Almoxarifado'),
(22, 'Produto'),
(23, 'Entrada'),
(24, 'Saída');

--
-- Extraindo dados da tabela `saida`
--

INSERT INTO `saida` (`id_saida`, `id_destino`, `id_almoxarifado`, `id_tipo`, `id_responsavel`, `data`, `hora`, `valor_total`) VALUES
(1, 2, 2, 1, 9, '2020-06-12', '14:27:00', '153.71'),
(2, 2, 2, 1, 9, '2020-06-12', '14:35:00', '123.61'),
(3, 2, 2, 1, 9, '2020-06-12', '14:39:00', '77.00'),
(4, 2, 2, 1, 9, '2020-06-12', '14:41:00', '187.60'),
(5, 2, 2, 1, 9, '2020-06-12', '14:43:00', '38.87'),
(6, 2, 2, 1, 9, '2020-06-12', '14:57:00', '27.90'),
(7, 2, 2, 1, 9, '2020-06-12', '15:33:00', '157.92'),
(8, 2, 2, 1, 9, '2020-06-12', '15:36:00', '24.68'),
(9, 2, 2, 1, 9, '2020-06-13', '13:18:00', '179.90'),
(10, 2, 2, 1, 9, '2020-06-13', '13:19:00', '90.74'),
(11, 2, 2, 1, 9, '2020-06-13', '13:20:00', '83.76'),
(12, 2, 2, 1, 9, '2020-06-13', '13:34:00', '50.65'),
(13, 2, 2, 1, 9, '2020-06-13', '13:40:00', '33.26'),
(14, 2, 2, 1, 9, '2020-06-13', '17:05:00', '3.78'),
(15, 2, 2, 1, 9, '2020-06-16', '08:55:00', '3.38'),
(16, 2, 2, 1, 9, '2020-06-16', '09:00:00', '11.45'),
(17, 2, 2, 1, 9, '2020-06-16', '09:02:00', '25.97'),
(18, 2, 2, 1, 9, '2020-06-16', '09:03:00', '19.47'),
(19, 2, 2, 1, 9, '2020-06-16', '09:17:00', '72.90'),
(20, 2, 2, 1, 9, '2020-06-16', '09:18:00', '14.58'),
(21, 2, 2, 1, 9, '2020-06-16', '09:24:00', '1.89'),
(22, 2, 2, 1, 9, '2020-06-16', '09:26:00', '4.90'),
(23, 2, 2, 1, 9, '2020-06-16', '09:27:00', '7.17'),
(24, 2, 2, 1, 9, '2020-06-16', '09:29:00', '4.78'),
(25, 2, 2, 1, 9, '2020-06-16', '09:33:00', '20.98'),
(26, 2, 2, 1, 9, '2020-06-16', '09:39:00', '77.09'),
(27, 2, 2, 1, 9, '2020-06-16', '09:48:00', '17.85'),
(28, 2, 2, 1, 9, '2020-06-16', '09:49:00', '11.64'),
(36, 2, 2, 1, 9, '2020-06-16', '10:18:00', '155.76'),
(37, 2, 2, 1, 9, '2020-06-16', '10:20:00', '75.36'),
(38, 2, 2, 1, 9, '2020-06-16', '10:21:00', '39.48'),
(39, 2, 2, 1, 9, '2020-06-16', '10:52:00', '401.38'),
(40, 2, 2, 1, 9, '2020-06-16', '10:53:00', '30.81'),
(41, 2, 2, 1, 9, '2020-06-16', '10:55:00', '16.14'),
(42, 2, 2, 1, 9, '2020-06-16', '11:01:00', '41.97'),
(43, 2, 2, 1, 9, '2020-06-16', '11:02:00', '94.50'),
(44, 2, 2, 1, 9, '2020-06-16', '11:17:00', '17.99');

--
-- Extraindo dados da tabela `selecao_paragrafo`
--

INSERT INTO `selecao_paragrafo` (`id_selecao`, `nome_campo`, `paragrafo`, `original`) VALUES
(1, 'Titulo', 'AMBIENTE DE TESTES', 1),
(2, 'Subtitulo', 'Web Gerenciador Institucional', 1),
(3, 'Conheça', 'USUÁRIOS para teste:\r\nadmin\r\n001 - Douglas\r\n002 - Marta\r\n003 - Josimar', 1),
(4, 'Objetivo', 'Senha de todos os usuários:\r\nwegia', 1),
(5, 'Rodapé', 'WEGIA', 1),
(6, 'Logo', 'SEJA UM DOADOR', 1);

--
-- Extraindo dados da tabela `sistema_pagamento`
--

INSERT INTO `sistema_pagamento` (`id`, `nome_sistema`) VALUES
(1, 'PAGSEGURO');

--
-- Extraindo dados da tabela `situacao`
--

INSERT INTO `situacao` (`id_situacao`, `situacoes`) VALUES
(5, 'Ativo'),
(6, 'Inativo');

--
-- Extraindo dados da tabela `socio_status`
--

INSERT INTO `socio_status` (`id_sociostatus`, `status`) VALUES
(0, 'Ativo'),
(1, 'Inativo'),
(2, 'Inadimplente'),
(3, 'Inativo Temporariamente');

--
-- Extraindo dados da tabela `socio_tipo`
--

INSERT INTO `socio_tipo` (`id_sociotipo`, `tipo`) VALUES
(0, 'Pessoa Física - Contribuinte Casual'),
(1, 'Pessoa Jurídica - Contribuinte Casual'),
(2, 'Pessoa Física - Contribuinte Mensal'),
(3, 'Pessoa Jurídica - Contribuinte Mensal ');

--
-- Extraindo dados da tabela `status_memorando`
--

INSERT INTO `status_memorando` (`id_status_memorando`, `status_atual`) VALUES
(1, 'Ativo'),
(2, 'Lido'),
(3, 'Não Lido'),
(4, 'Importante'),
(5, 'Pendente'),
(6, 'Arquivado');

--
-- Extraindo dados da tabela `tabela_imagem_campo`
--

INSERT INTO `tabela_imagem_campo` (`id_relacao`, `id_campo`, `id_imagem`) VALUES
(1, 1, 8),
(2, 2, 8);

--
-- Extraindo dados da tabela `tipo_entrada`
--

INSERT INTO `tipo_entrada` (`id_tipo`, `descricao`) VALUES
(2, 'Doação'),
(3, 'Troca'),
(4, 'Compra');

--
-- Extraindo dados da tabela `tipo_saida`
--

INSERT INTO `tipo_saida` (`id_tipo`, `descricao`) VALUES
(1, 'Consumo'),
(2, 'Troca'),
(3, 'Vencido/Danificado');

--
-- Extraindo dados da tabela `unidade`
--

INSERT INTO `unidade` (`id_unidade`, `descricao_unidade`) VALUES
(7, 'Lata'),
(3, 'Litro'),
(4, 'Metro'),
(5, 'Pacote'),
(2, 'Quilo'),
(6, 'Unidade');
COMMIT;

/*!40101 SET CHARACTER_SET_CLIENT=@OLD_CHARACTER_SET_CLIENT */;
/*!40101 SET CHARACTER_SET_RESULTS=@OLD_CHARACTER_SET_RESULTS */;
/*!40101 SET COLLATION_CONNECTION=@OLD_COLLATION_CONNECTION */;
